2026-09-03 21:10:33,146 [INFO] ExchangeFiltersCache инициализирован: 844 символов, 1027 leverage brackets
2026-09-03 21:10:33,147 [INFO] ExchangeFiltersCache: фоновое обновление запущено (интервал 10800с)
2026-09-03 21:10:34,699 [INFO] [RECON] === Начало reconciliation ===
2026-09-03 21:10:34,700 [INFO] [DB] load_all_open_positions: загружено 0 позиций
2026-09-03 21:10:34,700 [INFO] [RECON] В БД найдено 0 открытых позиций
2026-09-03 21:10:34,980 [INFO] [RECON] На бирже найдено 0 позиций
2026-09-03 21:10:35,242 [INFO] [RECON] На бирже найдено 0 открытых ордеров
2026-09-03 21:10:37,253 [INFO] [RECON] === Reconciliation завершён за 2.55с: расхождений нет ===
2026-09-03 21:10:37,281 [INFO] [RISK] Reconciliation: success=True, в tracker теперь 0 позиций
2026-09-03 21:10:38,501 [INFO] WS подключён (Binance Futures)
2026-09-03 21:10:38,502 [INFO] === Cycle 1 ===
2026-09-03 21:10:38,876 [INFO] Найдено 30 кандидатов
2026-09-03 21:10:38,876 [INFO] [DEBUG-TRACKER] update_prices: total events=0
2026-09-03 21:10:38,876 [INFO] [DEBUG-RISK] update_positions: received 0 events
2026-09-03 21:10:42,076 [INFO] Торговля отключена — новые позиции не открываются
2026-09-03 21:10:42,077 [INFO] 📊 Инспектор цикл 1: кандидатов=30 | проходных=2 | открыто=0 | BTC=+2.48%
2026-09-03 21:10:42,077 [INFO]    пропущено: нет_импульса_вниз_и_не_обвал=28, нет_импульса_и_не_ракета=25, глубина<$5000=3, нет_отката_от_хая=2
2026-09-03 21:10:42,077 [INFO] Сделок: 0 | Win: 0 | Loss: 0 | BE: 0 | WR: 0% | PnL: $+0.00 | Капитал: $25.79 | Открыто: 0/2
2026-09-03 21:10:57,086 [INFO] === Cycle 2 ===
2026-09-03 21:10:57,675 [INFO] Найдено 30 кандидатов
2026-09-03 21:10:57,676 [INFO] [DEBUG-TRACKER] update_prices: total events=0
2026-09-03 21:10:57,676 [INFO] [DEBUG-RISK] update_positions: received 0 events
2026-09-03 21:10:57,759 [INFO] Торговля отключена — новые позиции не открываются
2026-09-03 21:10:57,759 [INFO] 📊 Инспектор цикл 2: кандидатов=30 | проходных=2 | открыто=0 | BTC=+2.48%
2026-09-03 21:10:57,759 [INFO]    пропущено: нет_импульса_вниз_и_не_обвал=28, нет_импульса_и_не_ракета=25, глубина<$5000=3, нет_отката_от_хая=2
2026-09-03 21:10:57,760 [INFO] Сделок: 0 | Win: 0 | Loss: 0 | BE: 0 | WR: 0% | PnL: $+0.00 | Капитал: $25.79 | Открыто: 0/2
2026-09-03 21:11:01,095 [INFO] WS подключён (Binance Futures)
2026-09-03 21:11:12,764 [INFO] === Cycle 3 ===
2026-09-03 21:11:13,134 [INFO] Найдено 30 кандидатов
2026-09-03 21:11:13,135 [INFO] [DEBUG-TRACKER] update_prices: total events=0
2026-09-03 21:11:13,135 [INFO] [DEBUG-RISK] update_positions: received 0 events
2026-09-03 21:11:13,353 [INFO] WS подключён (Binance Futures)
2026-09-03 21:11:14,779 [INFO] Торговля отключена — новые позиции не открываются
2026-09-03 21:11:14,780 [INFO] 📊 Инспектор цикл 3: кандидатов=30 | проходных=2 | открыто=0 | BTC=+2.48%
2026-09-03 21:11:14,780 [INFO]    пропущено: нет_импульса_вниз_и_не_обвал=28, нет_импульса_и_не_ракета=25, глубина<$5000=3, нет_отката_от_хая=2
2026-09-03 21:11:14,780 [INFO] Сделок: 0 | Win: 0 | Loss: 0 | BE: 0 | WR: 0% | PnL: $+0.00 | Капитал: $25.79 | Открыто: 0/2
2026-09-03 21:11:29,782 [INFO] === Cycle 4 ===
2026-09-03 21:11:30,084 [INFO] Найдено 30 кандидатов
2026-09-03 21:11:32,688 [INFO] [DEBUG-TRACKER] update_prices: total events=0
2026-09-03 21:11:32,688 [INFO] [DEBUG-RISK] update_positions: received 0 events
2026-09-03 21:11:35,399 [INFO] Торговля отключена — новые позиции не открываются
2026-09-03 21:11:35,399 [INFO] 📊 Инспектор цикл 4: кандидатов=30 | проходных=2 | открыто=0 | BTC=+2.48%
2026-09-03 21:11:35,400 [INFO]    пропущено: нет_импульса_вниз_и_не_обвал=28, нет_импульса_и_не_ракета=25, нет_отката_от_хая=3, глубина<$5000=2
2026-09-03 21:11:35,400 [INFO] Сделок: 0 | Win: 0 | Loss: 0 | BE: 0 | WR: 0% | PnL: $+0.00 | Капитал: $25.79 | Открыто: 0/2
2026-09-03 21:11:50,407 [INFO] === Cycle 5 ===
2026-09-03 21:11:50,700 [INFO] Найдено 30 кандидатов
2026-09-03 21:11:50,700 [INFO] [DEBUG-TRACKER] update_prices: total events=0
2026-09-03 21:11:50,700 [INFO] [DEBUG-RISK] update_positions: received 0 events
2026-09-03 21:11:51,365 [INFO] Торговля отключена — новые позиции не открываются
2026-09-03 21:11:51,480 [INFO] 📊 Инспектор цикл 5: кандидатов=30 | проходных=2 | открыто=0 | BTC=+2.37%
2026-09-03 21:11:51,481 [INFO]    пропущено: нет_импульса_вниз_и_не_обвал=28, нет_импульса_и_не_ракета=25, нет_отката_от_хая=3, глубина<$5000=2
2026-09-03 21:11:51,482 [INFO] Сделок: 0 | Win: 0 | Loss: 0 | BE: 0 | WR: 0% | PnL: $+0.00 | Капитал: $25.79 | Открыто: 0/2
2026-09-03 21:12:06,477 [INFO] === Cycle 6 ===
2026-09-03 21:12:06,851 [INFO] Найдено 30 кандидатов
2026-09-03 21:12:06,852 [INFO] [DEBUG-TRACKER] update_prices: total events=0
2026-09-03 21:12:06,852 [INFO] [DEBUG-RISK] update_positions: received 0 events
2026-09-03 21:12:06,950 [INFO] Торговля отключена — новые позиции не открываются
2026-09-03 21:12:06,951 [INFO] 📊 Инспектор цикл 6: кандидатов=30 | проходных=2 | открыто=0 | BTC=+2.37%
2026-09-03 21:12:06,951 [INFO]    пропущено: нет_импульса_вниз_и_не_обвал=28, нет_импульса_и_не_ракета=25, нет_отката_от_хая=3, глубина<$5000=2
2026-09-03 21:12:06,951 [INFO] Сделок: 0 | Win: 0 | Loss: 0 | BE: 0 | WR: 0% | PnL: $+0.00 | Капитал: $25.79 | Открыто: 0/2
2026-09-03 21:12:21,949 [INFO] === Cycle 7 ===
2026-09-03 21:12:22,769 [INFO] Найдено 30 кандидатов
2026-09-03 21:12:25,146 [INFO] [DEBUG-TRACKER] update_prices: total events=0
2026-09-03 21:12:25,146 [INFO] [DEBUG-RISK] update_positions: received 0 events
2026-09-03 21:12:28,629 [INFO] Торговля отключена — новые позиции не открываются
2026-09-03 21:12:28,630 [INFO] 📊 Инспектор цикл 7: кандидатов=30 | проходных=2 | открыто=0 | BTC=+2.37%
2026-09-03 21:12:28,630 [INFO]    пропущено: нет_импульса_вниз_и_не_обвал=28, нет_импульса_и_не_ракета=25, глубина<$5000=4, свободное_падение=1
2026-09-03 21:12:28,630 [INFO] Сделок: 0 | Win: 0 | Loss: 0 | BE: 0 | WR: 0% | PnL: $+0.00 | Капитал: $25.79 | Открыто: 0/2
2026-09-03 21:12:43,616 [INFO] === Cycle 8 ===
2026-09-03 21:12:43,914 [INFO] Найдено 30 кандидатов
2026-09-03 21:12:43,914 [INFO] [DEBUG-TRACKER] update_prices: total events=0
2026-09-03 21:12:43,914 [INFO] [DEBUG-RISK] update_positions: received 0 events
2026-09-03 21:12:44,543 [INFO] Торговля отключена — новые позиции не открываются
2026-09-03 21:12:45,312 [INFO] 📊 Инспектор цикл 8: кандидатов=30 | проходных=2 | открыто=0 | BTC=+2.39%
2026-09-03 21:12:45,312 [INFO]    пропущено: нет_импульса_вниз_и_не_обвал=28, нет_импульса_и_не_ракета=25, глубина<$5000=4, свободное_падение=1
2026-09-03 21:12:45,313 [INFO] Сделок: 0 | Win: 0 | Loss: 0 | BE: 0 | WR: 0% | PnL: $+0.00 | Капитал: $25.79 | Открыто: 0/2
2026-09-03 21:13:00,306 [INFO] === Cycle 9 ===
2026-09-03 21:13:00,669 [INFO] Найдено 30 кандидатов
2026-09-03 21:13:03,280 [INFO] [DEBUG-TRACKER] update_prices: total events=0
2026-09-03 21:13:03,281 [INFO] [DEBUG-RISK] update_positions: received 0 events
2026-09-03 21:13:03,959 [INFO] Торговля отключена — новые позиции не открываются
2026-09-03 21:13:03,960 [INFO] 📊 Инспектор цикл 9: кандидатов=30 | проходных=2 | открыто=0 | BTC=+2.39%
2026-09-03 21:13:03,960 [INFO]    пропущено: нет_импульса_вниз_и_не_обвал=28, нет_импульса_и_не_ракета=25, глубина<$5000=4, свободное_падение=1
2026-09-03 21:13:03,960 [INFO] Сделок: 0 | Win: 0 | Loss: 0 | BE: 0 | WR: 0% | PnL: $+0.00 | Капитал: $25.79 | Открыто: 0/2
2026-09-03 21:13:18,945 [INFO] === Cycle 10 ===
2026-09-03 21:13:19,240 [INFO] Найдено 30 кандидатов
2026-09-03 21:13:21,875 [INFO] [DEBUG-TRACKER] update_prices: total events=0
2026-09-03 21:13:21,875 [INFO] [DEBUG-RISK] update_positions: received 0 events
2026-09-03 21:13:24,603 [INFO] Торговля отключена — новые позиции не открываются
2026-09-03 21:13:24,604 [INFO] 📊 Инспектор цикл 10: кандидатов=30 | проходных=2 | открыто=0 | BTC=+2.39%
2026-09-03 21:13:24,604 [INFO]    пропущено: нет_импульса_вниз_и_не_обвал=28, нет_импульса_и_не_ракета=25, глубина<$5000=3, свободное_падение=2
2026-09-03 21:13:24,604 [INFO] Сделок: 0 | Win: 0 | Loss: 0 | BE: 0 | WR: 0% | PnL: $+0.00 | Капитал: $25.79 | Открыто: 0/2
2026-09-03 21:13:39,614 [INFO] === Cycle 11 ===
2026-09-03 21:13:39,915 [INFO] Найдено 30 кандидатов
2026-09-03 21:13:39,915 [INFO] [DEBUG-TRACKER] update_prices: total events=0
2026-09-03 21:13:39,916 [INFO] [DEBUG-RISK] update_positions: received 0 events
2026-09-03 21:13:40,571 [INFO] Торговля отключена — новые позиции не открываются
2026-09-03 21:13:40,571 [INFO] 📊 Инспектор цикл 11: кандидатов=30 | проходных=2 | открыто=0 | BTC=+2.42%
2026-09-03 21:13:40,571 [INFO]    пропущено: нет_импульса_вниз_и_не_обвал=28, нет_импульса_и_не_ракета=25, глубина<$5000=3, свободное_падение=2
2026-09-03 21:13:40,572 [INFO] Сделок: 0 | Win: 0 | Loss: 0 | BE: 0 | WR: 0% | PnL: $+0.00 | Капитал: $25.79 | Открыто: 0/2
2026-09-03 21:13:55,584 [INFO] === Cycle 12 ===
2026-09-03 21:13:55,959 [INFO] Найдено 30 кандидатов
2026-09-03 21:13:55,959 [INFO] [DEBUG-TRACKER] update_prices: total events=0
2026-09-03 21:13:55,960 [INFO] [DEBUG-RISK] update_positions: received 0 events
2026-09-03 21:13:56,046 [INFO] Торговля отключена — новые позиции не открываются
2026-09-03 21:13:56,046 [INFO] 📊 Инспектор цикл 12: кандидатов=30 | проходных=2 | открыто=0 | BTC=+2.42%
2026-09-03 21:13:56,047 [INFO]    пропущено: нет_импульса_вниз_и_не_обвал=28, нет_импульса_и_не_ракета=25, глубина<$5000=3, свободное_падение=2
2026-09-03 21:13:56,047 [INFO] Сделок: 0 | Win: 0 | Loss: 0 | BE: 0 | WR: 0% | PnL: $+0.00 | Капитал: $25.79 | Открыто: 0/2
2026-09-03 21:14:11,039 [INFO] === Cycle 13 ===
2026-09-03 21:14:11,419 [INFO] Найдено 30 кандидатов
2026-09-03 21:14:11,522 [INFO] [DEBUG-TRACKER] update_prices: total events=0
2026-09-03 21:14:11,522 [INFO] [DEBUG-RISK] update_positions: received 0 events
2026-09-03 21:14:15,113 [INFO] Торговля отключена — новые позиции не открываются
2026-09-03 21:14:15,113 [INFO] 📊 Инспектор цикл 13: кандидатов=30 | проходных=1 | открыто=0 | BTC=+2.42%
2026-09-03 21:14:15,113 [INFO]    пропущено: нет_импульса_вниз_и_не_обвал=28, нет_импульса_и_не_ракета=25, глубина<$5000=3, свободное_падение=2, нет_отката_от_хая=1
2026-09-03 21:14:15,113 [INFO] Сделок: 0 | Win: 0 | Loss: 0 | BE: 0 | WR: 0% | PnL: $+0.00 | Капитал: $25.79 | Открыто: 0/2
2026-09-03 21:14:30,117 [INFO] === Cycle 14 ===
2026-09-03 21:14:30,495 [INFO] Найдено 30 кандидатов
2026-09-03 21:14:30,633 [INFO] [DEBUG-TRACKER] update_prices: total events=0
2026-09-03 21:14:30,633 [INFO] [DEBUG-RISK] update_positions: received 0 events
2026-09-03 21:14:30,768 [INFO] Торговля отключена — новые позиции не открываются
2026-09-03 21:14:30,768 [INFO] 📊 Инспектор цикл 14: кандидатов=30 | проходных=1 | открыто=0 | BTC=+2.42%
2026-09-03 21:14:30,768 [INFO]    пропущено: нет_импульса_вниз_и_не_обвал=28, нет_импульса_и_не_ракета=25, глубина<$5000=3, свободное_падение=2, нет_отката_от_хая=1
2026-09-03 21:14:30,768 [INFO] Сделок: 0 | Win: 0 | Loss: 0 | BE: 0 | WR: 0% | PnL: $+0.00 | Капитал: $25.79 | Открыто: 0/2
2026-09-03 21:14:45,746 [INFO] === Cycle 15 ===
2026-09-03 21:14:46,036 [INFO] Найдено 30 кандидатов
2026-09-03 21:14:46,036 [INFO] [DEBUG-TRACKER] update_prices: total events=0
2026-09-03 21:14:46,036 [INFO] [DEBUG-RISK] update_positions: received 0 events
2026-09-03 21:14:46,953 [INFO] Торговля отключена — новые позиции не открываются
2026-09-03 21:14:46,953 [INFO] 📊 Инспектор цикл 15: кандидатов=30 | проходных=1 | открыто=0 | BTC=+2.48%
2026-09-03 21:14:46,953 [INFO]    пропущено: нет_импульса_вниз_и_не_обвал=28, нет_импульса_и_не_ракета=25, глубина<$5000=3, свободное_падение=2, нет_отката_от_хая=1
2026-09-03 21:14:46,954 [INFO] Сделок: 0 | Win: 0 | Loss: 0 | BE: 0 | WR: 0% | PnL: $+0.00 | Капитал: $25.79 | Открыто: 0/2
2026-09-03 21:15:01,952 [INFO] === Cycle 16 ===
2026-09-03 21:15:02,248 [INFO] Найдено 30 кандидатов
2026-09-03 21:15:02,248 [INFO] [DEBUG-TRACKER] update_prices: total events=0
2026-09-03 21:15:02,248 [INFO] [DEBUG-RISK] update_positions: received 0 events
2026-09-03 21:15:04,733 [INFO] Торговля отключена — новые позиции не открываются
2026-09-03 21:15:04,734 [INFO] 📊 Инспектор цикл 16: кандидатов=30 | проходных=1 | открыто=0 | BTC=+2.48%
2026-09-03 21:15:04,734 [INFO]    пропущено: нет_импульса_вниз_и_не_обвал=28, нет_импульса_и_не_ракета=25, нет_отката_от_хая=3, глубина<$5000=2, свободное_падение=1
2026-09-03 21:15:04,734 [INFO] Сделок: 0 | Win: 0 | Loss: 0 | BE: 0 | WR: 0% | PnL: $+0.00 | Капитал: $25.79 | Открыто: 0/2
2026-09-03 21:15:19,728 [INFO] === Cycle 17 ===
2026-09-03 21:15:20,030 [INFO] Найдено 30 кандидатов
2026-09-03 21:15:20,031 [INFO] [DEBUG-TRACKER] update_prices: total events=0
2026-09-03 21:15:20,031 [INFO] [DEBUG-RISK] update_positions: received 0 events
2026-09-03 21:15:20,701 [INFO] Торговля отключена — новые позиции не открываются
2026-09-03 21:15:20,783 [INFO] 📊 Инспектор цикл 17: кандидатов=30 | проходных=1 | открыто=0 | BTC=+2.48%
2026-09-03 21:15:20,784 [INFO]    пропущено: нет_импульса_вниз_и_не_обвал=28, нет_импульса_и_не_ракета=25, нет_отката_от_хая=3, глубина<$5000=2, свободное_падение=1
2026-09-03 21:15:20,784 [INFO] Сделок: 0 | Win: 0 | Loss: 0 | BE: 0 | WR: 0% | PnL: $+0.00 | Капитал: $25.79 | Открыто: 0/2
2026-09-03 21:15:35,772 [INFO] === Cycle 18 ===
2026-09-03 21:15:36,148 [INFO] Найдено 30 кандидатов
2026-09-03 21:15:36,148 [INFO] [DEBUG-TRACKER] update_prices: total events=0
2026-09-03 21:15:36,149 [INFO] [DEBUG-RISK] update_positions: received 0 events
2026-09-03 21:15:36,762 [INFO] Торговля отключена — новые позиции не открываются
2026-09-03 21:15:36,762 [INFO] 📊 Инспектор цикл 18: кандидатов=30 | проходных=1 | открыто=0 | BTC=+2.48%
2026-09-03 21:15:36,763 [INFO]    пропущено: нет_импульса_вниз_и_не_обвал=28, нет_импульса_и_не_ракета=25, нет_отката_от_хая=3, глубина<$5000=2, свободное_падение=1
2026-09-03 21:15:36,763 [INFO] Сделок: 0 | Win: 0 | Loss: 0 | BE: 0 | WR: 0% | PnL: $+0.00 | Капитал: $25.79 | Открыто: 0/2
2026-09-03 21:15:51,744 [INFO] === Cycle 19 ===
2026-09-03 21:15:52,028 [INFO] Найдено 30 кандидатов
2026-09-03 21:15:52,028 [INFO] [DEBUG-TRACKER] update_prices: total events=0
2026-09-03 21:15:52,028 [INFO] [DEBUG-RISK] update_positions: received 0 events
2026-09-03 21:15:54,844 [INFO] Торговля отключена — новые позиции не открываются
2026-09-03 21:15:54,845 [INFO] 📊 Инспектор цикл 19: кандидатов=30 | проходных=1 | открыто=0 | BTC=+2.35%
2026-09-03 21:15:54,845 [INFO]    пропущено: нет_импульса_вниз_и_не_обвал=28, нет_импульса_и_не_ракета=26, глубина<$5000=3, нет_отката_от_хая=2
2026-09-03 21:15:54,845 [INFO] Сделок: 0 | Win: 0 | Loss: 0 | BE: 0 | WR: 0% | PnL: $+0.00 | Капитал: $25.79 | Открыто: 0/2
2026-09-03 21:16:09,821 [INFO] === Cycle 20 ===
2026-09-03 21:16:10,121 [INFO] Найдено 30 кандидатов
2026-09-03 21:16:10,122 [INFO] [DEBUG-TRACKER] update_prices: total events=0
2026-09-03 21:16:10,122 [INFO] [DEBUG-RISK] update_positions: received 0 events
2026-09-03 21:16:10,207 [INFO] Торговля отключена — новые позиции не открываются
2026-09-03 21:16:10,208 [INFO] 📊 Инспектор цикл 20: кандидатов=30 | проходных=1 | открыто=0 | BTC=+2.35%
2026-09-03 21:16:10,208 [INFO]    пропущено: нет_импульса_вниз_и_не_обвал=28, нет_импульса_и_не_ракета=26, глубина<$5000=3, нет_отката_от_хая=2
2026-09-03 21:16:10,208 [INFO] Сделок: 0 | Win: 0 | Loss: 0 | BE: 0 | WR: 0% | PnL: $+0.00 | Капитал: $25.79 | Открыто: 0/2
2026-09-03 21:16:25,201 [INFO] === Cycle 21 ===
2026-09-03 21:16:25,574 [INFO] Найдено 30 кандидатов
2026-09-03 21:16:25,574 [INFO] [DEBUG-TRACKER] update_prices: total events=0
2026-09-03 21:16:25,575 [INFO] [DEBUG-RISK] update_positions: received 0 events
2026-09-03 21:16:26,479 [INFO] Торговля отключена — новые позиции не открываются
2026-09-03 21:16:26,548 [INFO] 📊 Инспектор цикл 21: кандидатов=30 | проходных=1 | открыто=0 | BTC=+2.35%
2026-09-03 21:16:26,548 [INFO]    пропущено: нет_импульса_вниз_и_не_обвал=28, нет_импульса_и_не_ракета=26, глубина<$5000=3, нет_отката_от_хая=2
2026-09-03 21:16:26,549 [INFO] Сделок: 0 | Win: 0 | Loss: 0 | BE: 0 | WR: 0% | PnL: $+0.00 | Капитал: $25.79 | Открыто: 0/2
2026-09-03 21:16:41,540 [INFO] === Cycle 22 ===
2026-09-03 21:16:41,824 [INFO] Найдено 30 кандидатов
2026-09-03 21:16:41,824 [INFO] [DEBUG-TRACKER] update_prices: total events=0
2026-09-03 21:16:41,824 [INFO] [DEBUG-RISK] update_positions: received 0 events
2026-09-03 21:16:44,329 [INFO] Торговля отключена — новые позиции не открываются
2026-09-03 21:16:44,329 [INFO] 📊 Инспектор цикл 22: кандидатов=30 | проходных=1 | открыто=0 | BTC=+2.32%
2026-09-03 21:16:44,329 [INFO]    пропущено: нет_импульса_вниз_и_не_обвал=28, нет_импульса_и_не_ракета=26, нет_отката_от_хая=3, глубина<$5000=2
2026-09-03 21:16:44,330 [INFO] Сделок: 0 | Win: 0 | Loss: 0 | BE: 0 | WR: 0% | PnL: $+0.00 | Капитал: $25.79 | Открыто: 0/2
2026-09-03 21:16:59,322 [INFO] === Cycle 23 ===
2026-09-03 21:16:59,623 [INFO] Найдено 30 кандидатов
2026-09-03 21:16:59,623 [INFO] [DEBUG-TRACKER] update_prices: total events=0
2026-09-03 21:16:59,623 [INFO] [DEBUG-RISK] update_positions: received 0 events
2026-09-03 21:17:00,287 [INFO] Торговля отключена — новые позиции не открываются
2026-09-03 21:17:02,284 [INFO] 📊 Инспектор цикл 23: кандидатов=30 | проходных=1 | открыто=0 | BTC=+2.32%
2026-09-03 21:17:02,284 [INFO]    пропущено: нет_импульса_вниз_и_не_обвал=28, нет_импульса_и_не_ракета=26, нет_отката_от_хая=3, глубина<$5000=2
2026-09-03 21:17:02,284 [INFO] Сделок: 0 | Win: 0 | Loss: 0 | BE: 0 | WR: 0% | PnL: $+0.00 | Капитал: $25.79 | Открыто: 0/2
2026-09-03 21:17:17,275 [INFO] === Cycle 24 ===
2026-09-03 21:17:17,657 [INFO] Найдено 30 кандидатов
2026-09-03 21:17:18,155 [INFO] [DEBUG-TRACKER] update_prices: total events=0
2026-09-03 21:17:18,155 [INFO] [DEBUG-RISK] update_positions: received 0 events
2026-09-03 21:17:18,791 [INFO] Торговля отключена — новые позиции не открываются
2026-09-03 21:17:21,167 [INFO] 📊 Инспектор цикл 24: кандидатов=30 | проходных=1 | открыто=0 | BTC=+2.32%
2026-09-03 21:17:21,167 [INFO]    пропущено: нет_импульса_вниз_и_не_обвал=28, нет_импульса_и_не_ракета=26, нет_отката_от_хая=3, глубина<$5000=2
2026-09-03 21:17:21,167 [INFO] Сделок: 0 | Win: 0 | Loss: 0 | BE: 0 | WR: 0% | PnL: $+0.00 | Капитал: $25.79 | Открыто: 0/2
2026-09-03 21:17:36,165 [INFO] === Cycle 25 ===
2026-09-03 21:17:36,535 [INFO] Найдено 30 кандидатов
2026-09-03 21:17:36,536 [INFO] [DEBUG-TRACKER] update_prices: total events=0
2026-09-03 21:17:36,536 [INFO] [DEBUG-RISK] update_positions: received 0 events
2026-09-03 21:17:39,743 [INFO] Торговля отключена — новые позиции не открываются
2026-09-03 21:17:39,743 [INFO] 📊 Инспектор цикл 25: кандидатов=30 | проходных=2 | открыто=0 | BTC=+2.32%
2026-09-03 21:17:39,744 [INFO]    пропущено: нет_импульса_вниз_и_не_обвал=28, нет_импульса_и_не_ракета=26, нет_отката_от_хая=2, глубина<$5000=2
2026-09-03 21:17:39,744 [INFO] Сделок: 0 | Win: 0 | Loss: 0 | BE: 0 | WR: 0% | PnL: $+0.00 | Капитал: $25.79 | Открыто: 0/2
2026-09-03 21:17:54,744 [INFO] === Cycle 26 ===
2026-09-03 21:17:55,037 [INFO] Найдено 30 кандидатов
2026-09-03 21:17:57,214 [INFO] [DEBUG-TRACKER] update_prices: total events=0
2026-09-03 21:17:57,214 [INFO] [DEBUG-RISK] update_positions: received 0 events
2026-09-03 21:17:57,330 [INFO] Торговля отключена — новые позиции не открываются
2026-09-03 21:17:57,330 [INFO] 📊 Инспектор цикл 26: кандидатов=30 | проходных=2 | открыто=0 | BTC=+2.29%
2026-09-03 21:17:57,330 [INFO]    пропущено: нет_импульса_вниз_и_не_обвал=28, нет_импульса_и_не_ракета=26, нет_отката_от_хая=2, глубина<$5000=2
2026-09-03 21:17:57,330 [INFO] Сделок: 0 | Win: 0 | Loss: 0 | BE: 0 | WR: 0% | PnL: $+0.00 | Капитал: $25.79 | Открыто: 0/2
2026-09-03 21:18:12,329 [INFO] === Cycle 27 ===
2026-09-03 21:18:12,707 [INFO] Найдено 30 кандидатов
2026-09-03 21:18:12,707 [INFO] [DEBUG-TRACKER] update_prices: total events=0
2026-09-03 21:18:12,707 [INFO] [DEBUG-RISK] update_positions: received 0 events
2026-09-03 21:18:13,637 [INFO] Торговля отключена — новые позиции не открываются
2026-09-03 21:18:13,637 [INFO] 📊 Инспектор цикл 27: кандидатов=30 | проходных=2 | открыто=0 | BTC=+2.29%
2026-09-03 21:18:13,638 [INFO]    пропущено: нет_импульса_вниз_и_не_обвал=28, нет_импульса_и_не_ракета=26, нет_отката_от_хая=2, глубина<$5000=2
2026-09-03 21:18:13,638 [INFO] Сделок: 0 | Win: 0 | Loss: 0 | BE: 0 | WR: 0% | PnL: $+0.00 | Капитал: $25.79 | Открыто: 0/2
2026-09-03 21:18:28,618 [INFO] === Cycle 28 ===
2026-09-03 21:18:28,913 [INFO] Найдено 30 кандидатов
2026-09-03 21:18:28,913 [INFO] [DEBUG-TRACKER] update_prices: total events=0
2026-09-03 21:18:28,914 [INFO] [DEBUG-RISK] update_positions: received 0 events
2026-09-03 21:18:31,424 [INFO] Торговля отключена — новые позиции не открываются
2026-09-03 21:18:32,134 [INFO] 📊 Инспектор цикл 28: кандидатов=30 | проходных=2 | открыто=0 | BTC=+2.29%
2026-09-03 21:18:32,134 [INFO]    пропущено: нет_импульса_вниз_и_не_обвал=28, нет_импульса_и_не_ракета=25, глубина<$5000=3, нет_отката_от_хая=2
2026-09-03 21:18:32,135 [INFO] Сделок: 0 | Win: 0 | Loss: 0 | BE: 0 | WR: 0% | PnL: $+0.00 | Капитал: $25.79 | Открыто: 0/2
2026-09-03 21:18:47,130 [INFO] === Cycle 29 ===
2026-09-03 21:18:47,422 [INFO] Найдено 30 кандидатов
2026-09-03 21:18:47,422 [INFO] [DEBUG-TRACKER] update_prices: total events=0
2026-09-03 21:18:47,422 [INFO] [DEBUG-RISK] update_positions: received 0 events
2026-09-03 21:18:48,330 [INFO] Торговля отключена — новые позиции не открываются
2026-09-03 21:18:52,071 [INFO] 📊 Инспектор цикл 29: кандидатов=30 | проходных=2 | открыто=0 | BTC=+2.26%
2026-09-03 21:18:52,072 [INFO]    пропущено: нет_импульса_вниз_и_не_обвал=28, нет_импульса_и_не_ракета=25, глубина<$5000=3, нет_отката_от_хая=2
2026-09-03 21:18:52,072 [INFO] Сделок: 0 | Win: 0 | Loss: 0 | BE: 0 | WR: 0% | PnL: $+0.00 | Капитал: $25.79 | Открыто: 0/2
2026-09-03 21:19:07,071 [INFO] === Cycle 30 ===
2026-09-03 21:19:07,446 [INFO] Найдено 30 кандидатов
2026-09-03 21:19:07,447 [INFO] [DEBUG-TRACKER] update_prices: total events=0
2026-09-03 21:19:07,447 [INFO] [DEBUG-RISK] update_positions: received 0 events
2026-09-03 21:19:07,763 [INFO] Торговля отключена — новые позиции не открываются
2026-09-03 21:19:07,763 [INFO] 📊 Инспектор цикл 30: кандидатов=30 | проходных=2 | открыто=0 | BTC=+2.26%
2026-09-03 21:19:07,764 [INFO]    пропущено: нет_импульса_вниз_и_не_обвал=28, нет_импульса_и_не_ракета=25, глубина<$5000=3, нет_отката_от_хая=2
2026-09-03 21:19:07,764 [INFO] Сделок: 0 | Win: 0 | Loss: 0 | BE: 0 | WR: 0% | PnL: $+0.00 | Капитал: $25.79 | Открыто: 0/2
2026-09-03 21:19:22,777 [INFO] === Cycle 31 ===
2026-09-03 21:19:23,152 [INFO] Найдено 30 кандидатов
2026-09-03 21:19:23,153 [INFO] [DEBUG-TRACKER] update_prices: total events=0
2026-09-03 21:19:23,153 [INFO] [DEBUG-RISK] update_positions: received 0 events
2026-09-03 21:19:25,921 [INFO] Торговля отключена — новые позиции не открываются
2026-09-03 21:19:25,922 [INFO] 📊 Инспектор цикл 31: кандидатов=30 | проходных=2 | открыто=0 | BTC=+2.26%
2026-09-03 21:19:25,922 [INFO]    пропущено: нет_импульса_вниз_и_не_обвал=29, нет_импульса_и_не_ракета=26, нет_отката_от_хая=2, глубина<$5000=1
2026-09-03 21:19:25,922 [INFO] Сделок: 0 | Win: 0 | Loss: 0 | BE: 0 | WR: 0% | PnL: $+0.00 | Капитал: $25.79 | Открыто: 0/2
2026-09-03 21:19:40,930 [INFO] === Cycle 32 ===
2026-09-03 21:19:41,294 [INFO] Найдено 30 кандидатов
2026-09-03 21:19:41,295 [INFO] [DEBUG-TRACKER] update_prices: total events=0
2026-09-03 21:19:41,295 [INFO] [DEBUG-RISK] update_positions: received 0 events
2026-09-03 21:19:41,921 [INFO] Торговля отключена — новые позиции не открываются
2026-09-03 21:19:43,643 [INFO] 📊 Инспектор цикл 32: кандидатов=30 | проходных=2 | открыто=0 | BTC=+2.20%
2026-09-03 21:19:43,643 [INFO]    пропущено: нет_импульса_вниз_и_не_обвал=29, нет_импульса_и_не_ракета=26, нет_отката_от_хая=2, глубина<$5000=1
2026-09-03 21:19:43,643 [INFO] Сделок: 0 | Win: 0 | Loss: 0 | BE: 0 | WR: 0% | PnL: $+0.00 | Капитал: $25.79 | Открыто: 0/2
2026-09-03 21:19:58,662 [INFO] === Cycle 33 ===
2026-09-03 21:19:59,054 [INFO] Найдено 30 кандидатов
2026-09-03 21:19:59,054 [INFO] [DEBUG-TRACKER] update_prices: total events=0
2026-09-03 21:19:59,055 [INFO] [DEBUG-RISK] update_positions: received 0 events
2026-09-03 21:19:59,691 [INFO] Торговля отключена — новые позиции не открываются
2026-09-03 21:20:01,809 [INFO] 📊 Инспектор цикл 33: кандидатов=30 | проходных=2 | открыто=0 | BTC=+2.20%
2026-09-03 21:20:01,810 [INFO]    пропущено: нет_импульса_вниз_и_не_обвал=29, нет_импульса_и_не_ракета=26, нет_отката_от_хая=2, глубина<$5000=1
2026-09-03 21:20:01,810 [INFO] Сделок: 0 | Win: 0 | Loss: 0 | BE: 0 | WR: 0% | PnL: $+0.00 | Капитал: $25.79 | Открыто: 0/2
2026-09-03 21:20:16,800 [INFO] === Cycle 34 ===
2026-09-03 21:20:17,177 [INFO] Найдено 30 кандидатов
2026-09-03 21:20:17,178 [INFO] [DEBUG-TRACKER] update_prices: total events=0
2026-09-03 21:20:17,178 [INFO] [DEBUG-RISK] update_positions: received 0 events
2026-09-03 21:20:19,469 [INFO] Торговля отключена — новые позиции не открываются
2026-09-03 21:20:20,496 [INFO] 📊 Инспектор цикл 34: кандидатов=30 | проходных=1 | открыто=0 | BTC=+2.20%
2026-09-03 21:20:20,497 [INFO]    пропущено: нет_импульса_вниз_и_не_обвал=29, нет_импульса_и_не_ракета=26, нет_отката_от_хая=2, глубина<$5000=2
2026-09-03 21:20:20,497 [INFO] Сделок: 0 | Win: 0 | Loss: 0 | BE: 0 | WR: 0% | PnL: $+0.00 | Капитал: $25.79 | Открыто: 0/2
2026-09-03 21:20:35,494 [INFO] === Cycle 35 ===
2026-09-03 21:20:35,891 [INFO] Найдено 30 кандидатов
2026-09-03 21:20:35,892 [INFO] [DEBUG-TRACKER] update_prices: total events=0
2026-09-03 21:20:35,892 [INFO] [DEBUG-RISK] update_positions: received 0 events
2026-09-03 21:20:36,595 [INFO] Торговля отключена — новые позиции не открываются
2026-09-03 21:20:39,014 [INFO] 📊 Инспектор цикл 35: кандидатов=30 | проходных=1 | открыто=0 | BTC=+2.20%
2026-09-03 21:20:39,014 [INFO]    пропущено: нет_импульса_вниз_и_не_обвал=29, нет_импульса_и_не_ракета=26, нет_отката_от_хая=2, глубина<$5000=2
2026-09-03 21:20:39,014 [INFO] Сделок: 0 | Win: 0 | Loss: 0 | BE: 0 | WR: 0% | PnL: $+0.00 | Капитал: $25.79 | Открыто: 0/2
2026-09-03 21:20:53,996 [INFO] === Cycle 36 ===
2026-09-03 21:20:54,295 [INFO] Найдено 30 кандидатов
2026-09-03 21:20:54,295 [INFO] [DEBUG-TRACKER] update_prices: total events=0
2026-09-03 21:20:54,295 [INFO] [DEBUG-RISK] update_positions: received 0 events
2026-09-03 21:20:54,930 [INFO] Торговля отключена — новые позиции не открываются
2026-09-03 21:20:54,931 [INFO] 📊 Инспектор цикл 36: кандидатов=30 | проходных=1 | открыто=0 | BTC=+2.24%
2026-09-03 21:20:54,931 [INFO]    пропущено: нет_импульса_вниз_и_не_обвал=29, нет_импульса_и_не_ракета=26, глубина<$5000=2, нет_отката_от_хая=2
2026-09-03 21:20:54,931 [INFO] Сделок: 0 | Win: 0 | Loss: 0 | BE: 0 | WR: 0% | PnL: $+0.00 | Капитал: $25.79 | Открыто: 0/2
2026-09-03 21:21:09,914 [INFO] === Cycle 37 ===
2026-09-03 21:21:10,287 [INFO] Найдено 30 кандидатов
2026-09-03 21:21:10,485 [INFO] [DEBUG-TRACKER] update_prices: total events=0
2026-09-03 21:21:10,485 [INFO] [DEBUG-RISK] update_positions: received 0 events
2026-09-03 21:21:13,717 [INFO] Торговля отключена — новые позиции не открываются
2026-09-03 21:21:13,773 [INFO] 📊 Инспектор цикл 37: кандидатов=30 | проходных=1 | открыто=0 | BTC=+2.24%
2026-09-03 21:21:13,951 [INFO]    пропущено: нет_импульса_вниз_и_не_обвал=29, нет_импульса_и_не_ракета=26, нет_отката_от_хая=3, глубина<$5000=1
2026-09-03 21:21:13,951 [INFO] Сделок: 0 | Win: 0 | Loss: 0 | BE: 0 | WR: 0% | PnL: $+0.00 | Капитал: $25.79 | Открыто: 0/2
2026-09-03 21:21:28,954 [INFO] === Cycle 38 ===
2026-09-03 21:21:29,770 [INFO] Найдено 30 кандидатов
2026-09-03 21:21:29,771 [INFO] [DEBUG-TRACKER] update_prices: total events=0
2026-09-03 21:21:29,771 [INFO] [DEBUG-RISK] update_positions: received 0 events
2026-09-03 21:21:30,397 [INFO] Торговля отключена — новые позиции не открываются
2026-09-03 21:21:32,489 [INFO] 📊 Инспектор цикл 38: кандидатов=30 | проходных=1 | открыто=0 | BTC=+2.24%
2026-09-03 21:21:32,669 [INFO]    пропущено: нет_импульса_вниз_и_не_обвал=29, нет_импульса_и_не_ракета=26, нет_отката_от_хая=3, глубина<$5000=1
2026-09-03 21:21:32,669 [INFO] Сделок: 0 | Win: 0 | Loss: 0 | BE: 0 | WR: 0% | PnL: $+0.00 | Капитал: $25.79 | Открыто: 0/2
2026-09-03 21:21:47,666 [INFO] === Cycle 39 ===
2026-09-03 21:21:47,983 [INFO] Найдено 30 кандидатов
2026-09-03 21:21:47,984 [INFO] [DEBUG-TRACKER] update_prices: total events=0
2026-09-03 21:21:47,984 [INFO] [DEBUG-RISK] update_positions: received 0 events
2026-09-03 21:21:48,881 [INFO] Торговля отключена — новые позиции не открываются
2026-09-03 21:21:48,882 [INFO] 📊 Инспектор цикл 39: кандидатов=30 | проходных=1 | открыто=0 | BTC=+2.21%
2026-09-03 21:21:48,882 [INFO]    пропущено: нет_импульса_вниз_и_не_обвал=29, нет_импульса_и_не_ракета=26, нет_отката_от_хая=3, глубина<$5000=1
2026-09-03 21:21:48,882 [INFO] Сделок: 0 | Win: 0 | Loss: 0 | BE: 0 | WR: 0% | PnL: $+0.00 | Капитал: $25.79 | Открыто: 0/2
2026-09-03 21:22:03,872 [INFO] === Cycle 40 ===
2026-09-03 21:22:04,166 [INFO] Найдено 30 кандидатов
2026-09-03 21:22:04,166 [INFO] [DEBUG-TRACKER] update_prices: total events=0
2026-09-03 21:22:04,166 [INFO] [DEBUG-RISK] update_positions: received 0 events
2026-09-03 21:22:06,636 [INFO] Торговля отключена — новые позиции не открываются
2026-09-03 21:22:06,637 [INFO] 📊 Инспектор цикл 40: кандидатов=30 | проходных=1 | открыто=0 | BTC=+2.21%
2026-09-03 21:22:06,637 [INFO]    пропущено: нет_импульса_вниз_и_не_обвал=29, нет_импульса_и_не_ракета=26, нет_отката_от_хая=3, глубина<$5000=1
2026-09-03 21:22:06,637 [INFO] Сделок: 0 | Win: 0 | Loss: 0 | BE: 0 | WR: 0% | PnL: $+0.00 | Капитал: $25.79 | Открыто: 0/2
2026-09-03 21:22:21,618 [INFO] === Cycle 41 ===
2026-09-03 21:22:21,916 [INFO] Найдено 30 кандидатов
2026-09-03 21:22:22,726 [INFO] [DEBUG-TRACKER] update_prices: total events=0
2026-09-03 21:22:22,883 [INFO] [DEBUG-RISK] update_positions: received 0 events
2026-09-03 21:22:23,807 [INFO] Торговля отключена — новые позиции не открываются
2026-09-03 21:22:23,808 [INFO] 📊 Инспектор цикл 41: кандидатов=30 | проходных=1 | открыто=0 | BTC=+2.21%
2026-09-03 21:22:23,808 [INFO]    пропущено: нет_импульса_вниз_и_не_обвал=29, нет_импульса_и_не_ракета=26, нет_отката_от_хая=3, глубина<$5000=1
2026-09-03 21:22:23,809 [INFO] Сделок: 0 | Win: 0 | Loss: 0 | BE: 0 | WR: 0% | PnL: $+0.00 | Капитал: $25.79 | Открыто: 0/2
2026-09-03 21:22:38,794 [INFO] === Cycle 42 ===
2026-09-03 21:22:39,099 [INFO] Найдено 30 кандидатов
2026-09-03 21:22:39,099 [INFO] [DEBUG-TRACKER] update_prices: total events=0
2026-09-03 21:22:39,099 [INFO] [DEBUG-RISK] update_positions: received 0 events
2026-09-03 21:22:39,708 [INFO] Торговля отключена — новые позиции не открываются
2026-09-03 21:22:40,969 [INFO] 📊 Инспектор цикл 42: кандидатов=30 | проходных=1 | открыто=0 | BTC=+2.21%
2026-09-03 21:22:40,969 [INFO]    пропущено: нет_импульса_вниз_и_не_обвал=29, нет_импульса_и_не_ракета=26, нет_отката_от_хая=3, глубина<$5000=1
2026-09-03 21:22:40,969 [INFO] Сделок: 0 | Win: 0 | Loss: 0 | BE: 0 | WR: 0% | PnL: $+0.00 | Капитал: $25.79 | Открыто: 0/2
2026-09-03 21:22:55,952 [INFO] === Cycle 43 ===
2026-09-03 21:22:56,237 [INFO] Найдено 30 кандидатов
2026-09-03 21:22:56,383 [INFO] [DEBUG-TRACKER] update_prices: total events=0
2026-09-03 21:22:56,384 [INFO] [DEBUG-RISK] update_positions: received 0 events
2026-09-03 21:22:59,127 [INFO] Торговля отключена — новые позиции не открываются
2026-09-03 21:22:59,573 [INFO] 📊 Инспектор цикл 43: кандидатов=30 | проходных=1 | открыто=0 | BTC=+2.16%
2026-09-03 21:22:59,573 [INFO]    пропущено: нет_импульса_вниз_и_не_обвал=29, нет_импульса_и_не_ракета=26, нет_отката_от_хая=2, свободное_падение=1, глубина<$5000=1
2026-09-03 21:22:59,573 [INFO] Сделок: 0 | Win: 0 | Loss: 0 | BE: 0 | WR: 0% | PnL: $+0.00 | Капитал: $25.79 | Открыто: 0/2
2026-09-03 21:23:14,574 [INFO] === Cycle 44 ===
2026-09-03 21:23:14,972 [INFO] Найдено 30 кандидатов
2026-09-03 21:23:14,973 [INFO] [DEBUG-TRACKER] update_prices: total events=0
2026-09-03 21:23:14,973 [INFO] [DEBUG-RISK] update_positions: received 0 events
2026-09-03 21:23:15,606 [INFO] Торговля отключена — новые позиции не открываются
2026-09-03 21:23:15,607 [INFO] 📊 Инспектор цикл 44: кандидатов=30 | проходных=1 | открыто=0 | BTC=+2.16%
2026-09-03 21:23:15,607 [INFO]    пропущено: нет_импульса_вниз_и_не_обвал=29, нет_импульса_и_не_ракета=26, нет_отката_от_хая=2, свободное_падение=1, глубина<$5000=1
2026-09-03 21:23:15,607 [INFO] Сделок: 0 | Win: 0 | Loss: 0 | BE: 0 | WR: 0% | PnL: $+0.00 | Капитал: $25.79 | Открыто: 0/2
2026-09-03 21:23:30,613 [INFO] === Cycle 45 ===
2026-09-03 21:23:30,982 [INFO] Найдено 30 кандидатов
2026-09-03 21:23:30,983 [INFO] [DEBUG-TRACKER] update_prices: total events=0
2026-09-03 21:23:30,983 [INFO] [DEBUG-RISK] update_positions: received 0 events
2026-09-03 21:23:31,883 [INFO] Торговля отключена — новые позиции не открываются
2026-09-03 21:23:31,884 [INFO] 📊 Инспектор цикл 45: кандидатов=30 | проходных=1 | открыто=0 | BTC=+2.16%
2026-09-03 21:23:31,884 [INFO]    пропущено: нет_импульса_вниз_и_не_обвал=29, нет_импульса_и_не_ракета=26, нет_отката_от_хая=2, свободное_падение=1, глубина<$5000=1
2026-09-03 21:23:31,885 [INFO] Сделок: 0 | Win: 0 | Loss: 0 | BE: 0 | WR: 0% | PnL: $+0.00 | Капитал: $25.79 | Открыто: 0/2
2026-09-03 21:23:46,867 [INFO] === Cycle 46 ===
2026-09-03 21:23:47,173 [INFO] Найдено 30 кандидатов
2026-09-03 21:23:47,173 [INFO] [DEBUG-TRACKER] update_prices: total events=0
2026-09-03 21:23:47,173 [INFO] [DEBUG-RISK] update_positions: received 0 events
2026-09-03 21:23:49,651 [INFO] Торговля отключена — новые позиции не открываются
2026-09-03 21:23:49,652 [INFO] 📊 Инспектор цикл 46: кандидатов=30 | проходных=1 | открыто=0 | BTC=+2.08%
2026-09-03 21:23:49,652 [INFO]    пропущено: нет_импульса_вниз_и_не_обвал=29, нет_импульса_и_не_ракета=26, нет_отката_от_хая=2, свободное_падение=1, глубина<$5000=1
2026-09-03 21:23:49,652 [INFO] Сделок: 0 | Win: 0 | Loss: 0 | BE: 0 | WR: 0% | PnL: $+0.00 | Капитал: $25.79 | Открыто: 0/2
2026-09-03 21:24:04,648 [INFO] === Cycle 47 ===
2026-09-03 21:24:05,169 [INFO] Найдено 30 кандидатов
2026-09-03 21:24:05,170 [INFO] [DEBUG-TRACKER] update_prices: total events=0
2026-09-03 21:24:05,170 [INFO] [DEBUG-RISK] update_positions: received 0 events
2026-09-03 21:24:06,083 [INFO] Торговля отключена — новые позиции не открываются
2026-09-03 21:24:06,084 [INFO] 📊 Инспектор цикл 47: кандидатов=30 | проходных=1 | открыто=0 | BTC=+2.08%
2026-09-03 21:24:06,084 [INFO]    пропущено: нет_импульса_вниз_и_не_обвал=29, нет_импульса_и_не_ракета=26, нет_отката_от_хая=2, свободное_падение=1, глубина<$5000=1
2026-09-03 21:24:06,084 [INFO] Сделок: 0 | Win: 0 | Loss: 0 | BE: 0 | WR: 0% | PnL: $+0.00 | Капитал: $25.79 | Открыто: 0/2
2026-09-03 21:24:21,073 [INFO] === Cycle 48 ===
2026-09-03 21:24:21,369 [INFO] Найдено 30 кандидатов
2026-09-03 21:24:21,370 [INFO] [DEBUG-TRACKER] update_prices: total events=0
2026-09-03 21:24:21,370 [INFO] [DEBUG-RISK] update_positions: received 0 events
2026-09-03 21:24:22,052 [INFO] Торговля отключена — новые позиции не открываются
2026-09-03 21:24:23,824 [INFO] 📊 Инспектор цикл 48: кандидатов=30 | проходных=1 | открыто=0 | BTC=+2.08%
2026-09-03 21:24:24,010 [INFO]    пропущено: нет_импульса_вниз_и_не_обвал=29, нет_импульса_и_не_ракета=26, нет_отката_от_хая=2, свободное_падение=1, глубина<$5000=1
2026-09-03 21:24:24,011 [INFO] Сделок: 0 | Win: 0 | Loss: 0 | BE: 0 | WR: 0% | PnL: $+0.00 | Капитал: $25.79 | Открыто: 0/2
2026-09-03 21:24:39,015 [INFO] === Cycle 49 ===
2026-09-03 21:24:39,395 [INFO] Найдено 30 кандидатов
2026-09-03 21:24:39,395 [INFO] [DEBUG-TRACKER] update_prices: total events=0
2026-09-03 21:24:39,395 [INFO] [DEBUG-RISK] update_positions: received 0 events
2026-09-03 21:24:43,322 [INFO] Торговля отключена — новые позиции не открываются
2026-09-03 21:24:43,323 [INFO] 📊 Инспектор цикл 49: кандидатов=30 | проходных=1 | открыто=0 | BTC=+2.15%
2026-09-03 21:24:43,323 [INFO]    пропущено: нет_импульса_вниз_и_не_обвал=29, нет_импульса_и_не_ракета=27, нет_отката_от_хая=2, глубина<$5000=1
2026-09-03 21:24:43,324 [INFO] Сделок: 0 | Win: 0 | Loss: 0 | BE: 0 | WR: 0% | PnL: $+0.00 | Капитал: $25.79 | Открыто: 0/2
2026-09-03 21:24:58,341 [INFO] === Cycle 50 ===
2026-09-03 21:24:59,162 [INFO] Найдено 30 кандидатов
2026-09-03 21:25:00,803 [INFO] [DEBUG-TRACKER] update_prices: total events=0
2026-09-03 21:25:00,803 [INFO] [DEBUG-RISK] update_positions: received 0 events
2026-09-03 21:25:01,447 [INFO] Торговля отключена — новые позиции не открываются
2026-09-03 21:25:01,448 [INFO] 📊 Инспектор цикл 50: кандидатов=30 | проходных=1 | открыто=0 | BTC=+2.15%
2026-09-03 21:25:01,448 [INFO]    пропущено: нет_импульса_вниз_и_не_обвал=29, нет_импульса_и_не_ракета=27, нет_отката_от_хая=2, глубина<$5000=1
2026-09-03 21:25:01,448 [INFO] Сделок: 0 | Win: 0 | Loss: 0 | BE: 0 | WR: 0% | PnL: $+0.00 | Капитал: $25.79 | Открыто: 0/2
2026-09-03 21:25:16,456 [INFO] === Cycle 51 ===
2026-09-03 21:25:16,849 [INFO] Найдено 30 кандидатов
2026-09-03 21:25:16,849 [INFO] [DEBUG-TRACKER] update_prices: total events=0
2026-09-03 21:25:16,850 [INFO] [DEBUG-RISK] update_positions: received 0 events
2026-09-03 21:25:17,779 [INFO] Торговля отключена — новые позиции не открываются
2026-09-03 21:25:17,779 [INFO] 📊 Инспектор цикл 51: кандидатов=30 | проходных=1 | открыто=0 | BTC=+2.15%
2026-09-03 21:25:17,780 [INFO]    пропущено: нет_импульса_вниз_и_не_обвал=29, нет_импульса_и_не_ракета=27, нет_отката_от_хая=2, глубина<$5000=1
2026-09-03 21:25:17,780 [INFO] Сделок: 0 | Win: 0 | Loss: 0 | BE: 0 | WR: 0% | PnL: $+0.00 | Капитал: $25.79 | Открыто: 0/2
2026-09-03 21:25:32,803 [INFO] === Cycle 52 ===
2026-09-03 21:25:33,181 [INFO] Найдено 30 кандидатов
2026-09-03 21:25:33,182 [INFO] [DEBUG-TRACKER] update_prices: total events=0
2026-09-03 21:25:33,182 [INFO] [DEBUG-RISK] update_positions: received 0 events
2026-09-03 21:25:35,671 [INFO] Торговля отключена — новые позиции не открываются
2026-09-03 21:25:35,671 [INFO] 📊 Инспектор цикл 52: кандидатов=30 | проходных=1 | открыто=0 | BTC=+2.15%
2026-09-03 21:25:35,672 [INFO]    пропущено: нет_импульса_вниз_и_не_обвал=29, нет_импульса_и_не_ракета=26, нет_отката_от_хая=2, свободное_падение=1, глубина<$5000=1
2026-09-03 21:25:35,672 [INFO] Сделок: 0 | Win: 0 | Loss: 0 | BE: 0 | WR: 0% | PnL: $+0.00 | Капитал: $25.79 | Открыто: 0/2
2026-09-03 21:25:50,681 [INFO] === Cycle 53 ===
2026-09-03 21:25:51,426 [INFO] Найдено 30 кандидатов
2026-09-03 21:25:51,426 [INFO] [DEBUG-TRACKER] update_prices: total events=0
2026-09-03 21:25:51,427 [INFO] [DEBUG-RISK] update_positions: received 0 events
2026-09-03 21:25:52,268 [INFO] Торговля отключена — новые позиции не открываются
2026-09-03 21:25:52,268 [INFO] 📊 Инспектор цикл 53: кандидатов=30 | проходных=1 | открыто=0 | BTC=+2.03%
2026-09-03 21:25:52,269 [INFO]    пропущено: нет_импульса_вниз_и_не_обвал=29, нет_импульса_и_не_ракета=26, нет_отката_от_хая=2, свободное_падение=1, глубина<$5000=1
2026-09-03 21:25:52,269 [INFO] Сделок: 0 | Win: 0 | Loss: 0 | BE: 0 | WR: 0% | PnL: $+0.00 | Капитал: $25.79 | Открыто: 0/2
2026-09-03 21:26:07,261 [INFO] === Cycle 54 ===
2026-09-03 21:26:07,550 [INFO] Найдено 30 кандидатов
2026-09-03 21:26:07,550 [INFO] [DEBUG-TRACKER] update_prices: total events=0
2026-09-03 21:26:07,550 [INFO] [DEBUG-RISK] update_positions: received 0 events
2026-09-03 21:26:08,262 [INFO] Торговля отключена — новые позиции не открываются
2026-09-03 21:26:08,607 [INFO] 📊 Инспектор цикл 54: кандидатов=30 | проходных=1 | открыто=0 | BTC=+2.03%
2026-09-03 21:26:08,608 [INFO]    пропущено: нет_импульса_вниз_и_не_обвал=29, нет_импульса_и_не_ракета=26, нет_отката_от_хая=2, свободное_падение=1, глубина<$5000=1
2026-09-03 21:26:08,608 [INFO] Сделок: 0 | Win: 0 | Loss: 0 | BE: 0 | WR: 0% | PnL: $+0.00 | Капитал: $25.79 | Открыто: 0/2
2026-09-03 21:26:23,605 [INFO] === Cycle 55 ===
2026-09-03 21:26:23,987 [INFO] Найдено 30 кандидатов
2026-09-03 21:26:23,988 [INFO] [DEBUG-TRACKER] update_prices: total events=0
2026-09-03 21:26:23,988 [INFO] [DEBUG-RISK] update_positions: received 0 events
2026-09-03 21:26:26,737 [INFO] Торговля отключена — новые позиции не открываются
2026-09-03 21:26:26,738 [INFO] 📊 Инспектор цикл 55: кандидатов=30 | проходных=0 | открыто=0 | BTC=+2.03%
2026-09-03 21:26:26,738 [INFO]    пропущено: нет_импульса_вниз_и_не_обвал=29, нет_импульса_и_не_ракета=27, нет_отката_от_хая=2, свободное_падение=1, глубина<$5000=1
2026-09-03 21:26:26,739 [INFO] Сделок: 0 | Win: 0 | Loss: 0 | BE: 0 | WR: 0% | PnL: $+0.00 | Капитал: $25.79 | Открыто: 0/2
2026-09-03 21:26:41,745 [INFO] === Cycle 56 ===
2026-09-03 21:26:42,128 [INFO] Найдено 30 кандидатов
2026-09-03 21:26:42,128 [INFO] [DEBUG-TRACKER] update_prices: total events=0
2026-09-03 21:26:42,128 [INFO] [DEBUG-RISK] update_positions: received 0 events
2026-09-03 21:26:42,220 [INFO] Торговля отключена — новые позиции не открываются
2026-09-03 21:26:42,221 [INFO] 📊 Инспектор цикл 56: кандидатов=30 | проходных=0 | открыто=0 | BTC=+2.03%
2026-09-03 21:26:42,221 [INFO]    пропущено: нет_импульса_вниз_и_не_обвал=29, нет_импульса_и_не_ракета=27, нет_отката_от_хая=2, свободное_падение=1, глубина<$5000=1
2026-09-03 21:26:42,221 [INFO] Сделок: 0 | Win: 0 | Loss: 0 | BE: 0 | WR: 0% | PnL: $+0.00 | Капитал: $25.79 | Открыто: 0/2
2026-09-03 21:26:51,766 [INFO] WS подключён (Binance Futures)
2026-09-03 21:26:57,199 [INFO] === Cycle 57 ===
2026-09-03 21:26:57,492 [INFO] Найдено 30 кандидатов
2026-09-03 21:26:57,493 [INFO] [DEBUG-TRACKER] update_prices: total events=0
2026-09-03 21:26:57,493 [INFO] [DEBUG-RISK] update_positions: received 0 events
2026-09-03 21:26:58,396 [INFO] Торговля отключена — новые позиции не открываются
2026-09-03 21:26:59,057 [INFO] 📊 Инспектор цикл 57: кандидатов=30 | проходных=0 | открыто=0 | BTC=+2.05%
2026-09-03 21:26:59,057 [INFO]    пропущено: нет_импульса_вниз_и_не_обвал=29, нет_импульса_и_не_ракета=27, нет_отката_от_хая=2, свободное_падение=1, глубина<$5000=1
2026-09-03 21:26:59,058 [INFO] Сделок: 0 | Win: 0 | Loss: 0 | BE: 0 | WR: 0% | PnL: $+0.00 | Капитал: $25.79 | Открыто: 0/2
2026-09-03 21:27:14,039 [INFO] === Cycle 58 ===
2026-09-03 21:27:14,412 [INFO] Найдено 30 кандидатов
2026-09-03 21:27:14,412 [INFO] [DEBUG-TRACKER] update_prices: total events=0
2026-09-03 21:27:14,412 [INFO] [DEBUG-RISK] update_positions: received 0 events
2026-09-03 21:27:16,880 [INFO] Торговля отключена — новые позиции не открываются
2026-09-03 21:27:17,758 [INFO] 📊 Инспектор цикл 58: кандидатов=30 | проходных=0 | открыто=0 | BTC=+2.05%
2026-09-03 21:27:17,758 [INFO]    пропущено: нет_импульса_вниз_и_не_обвал=29, нет_импульса_и_не_ракета=27, нет_отката_от_хая=3, глубина<$5000=1
2026-09-03 21:27:17,758 [INFO] Сделок: 0 | Win: 0 | Loss: 0 | BE: 0 | WR: 0% | PnL: $+0.00 | Капитал: $25.79 | Открыто: 0/2
2026-09-03 21:27:32,749 [INFO] === Cycle 59 ===
2026-09-03 21:27:33,125 [INFO] Найдено 30 кандидатов
2026-09-03 21:27:33,995 [INFO] [DEBUG-TRACKER] update_prices: total events=0
2026-09-03 21:27:33,995 [INFO] [DEBUG-RISK] update_positions: received 0 events
2026-09-03 21:27:34,845 [INFO] Торговля отключена — новые позиции не открываются
2026-09-03 21:27:34,846 [INFO] 📊 Инспектор цикл 59: кандидатов=30 | проходных=0 | открыто=0 | BTC=+2.05%
2026-09-03 21:27:34,846 [INFO]    пропущено: нет_импульса_вниз_и_не_обвал=29, нет_импульса_и_не_ракета=27, нет_отката_от_хая=3, глубина<$5000=1
2026-09-03 21:27:34,846 [INFO] Сделок: 0 | Win: 0 | Loss: 0 | BE: 0 | WR: 0% | PnL: $+0.00 | Капитал: $25.79 | Открыто: 0/2
2026-09-03 21:27:49,821 [INFO] === Cycle 60 ===
2026-09-03 21:27:50,121 [INFO] Найдено 30 кандидатов
2026-09-03 21:27:50,121 [INFO] [DEBUG-TRACKER] update_prices: total events=0
2026-09-03 21:27:50,122 [INFO] [DEBUG-RISK] update_positions: received 0 events
2026-09-03 21:27:50,845 [INFO] Торговля отключена — новые позиции не открываются
2026-09-03 21:27:50,846 [INFO] 📊 Инспектор цикл 60: кандидатов=30 | проходных=0 | открыто=0 | BTC=+2.04%
2026-09-03 21:27:50,846 [INFO]    пропущено: нет_импульса_вниз_и_не_обвал=29, нет_импульса_и_не_ракета=27, нет_отката_от_хая=3, глубина<$5000=1
2026-09-03 21:27:50,846 [INFO] Сделок: 0 | Win: 0 | Loss: 0 | BE: 0 | WR: 0% | PnL: $+0.00 | Капитал: $25.79 | Открыто: 0/2
2026-09-03 21:28:05,821 [INFO] === Cycle 61 ===
2026-09-03 21:28:06,197 [INFO] Найдено 30 кандидатов
2026-09-03 21:28:10,674 [INFO] [DEBUG-TRACKER] update_prices: total events=0
2026-09-03 21:28:10,675 [INFO] [DEBUG-RISK] update_positions: received 0 events
2026-09-03 21:28:13,411 [INFO] Торговля отключена — новые позиции не открываются
2026-09-03 21:28:13,412 [INFO] 📊 Инспектор цикл 61: кандидатов=30 | проходных=0 | открыто=0 | BTC=+2.04%
2026-09-03 21:28:13,412 [INFO]    пропущено: нет_импульса_вниз_и_не_обвал=29, нет_импульса_и_не_ракета=27, нет_отката_от_хая=3, глубина<$5000=1
2026-09-03 21:28:13,412 [INFO] Сделок: 0 | Win: 0 | Loss: 0 | BE: 0 | WR: 0% | PnL: $+0.00 | Капитал: $25.79 | Открыто: 0/2
2026-09-03 21:28:28,402 [INFO] === Cycle 62 ===
2026-09-03 21:28:28,700 [INFO] Найдено 30 кандидатов
2026-09-03 21:28:28,701 [INFO] [DEBUG-TRACKER] update_prices: total events=0
2026-09-03 21:28:28,701 [INFO] [DEBUG-RISK] update_positions: received 0 events
2026-09-03 21:28:29,433 [INFO] Торговля отключена — новые позиции не открываются
2026-09-03 21:28:29,434 [INFO] 📊 Инспектор цикл 62: кандидатов=30 | проходных=0 | открыто=0 | BTC=+2.04%
2026-09-03 21:28:29,434 [INFO]    пропущено: нет_импульса_вниз_и_не_обвал=29, нет_импульса_и_не_ракета=27, нет_отката_от_хая=3, глубина<$5000=1
2026-09-03 21:28:29,434 [INFO] Сделок: 0 | Win: 0 | Loss: 0 | BE: 0 | WR: 0% | PnL: $+0.00 | Капитал: $25.79 | Открыто: 0/2
2026-09-03 21:28:44,415 [INFO] === Cycle 63 ===
2026-09-03 21:28:44,698 [INFO] Найдено 30 кандидатов
2026-09-03 21:28:44,699 [INFO] [DEBUG-TRACKER] update_prices: total events=0
2026-09-03 21:28:44,699 [INFO] [DEBUG-RISK] update_positions: received 0 events
2026-09-03 21:28:45,616 [INFO] Торговля отключена — новые позиции не открываются
2026-09-03 21:28:45,617 [INFO] 📊 Инспектор цикл 63: кандидатов=30 | проходных=0 | открыто=0 | BTC=+2.01%
2026-09-03 21:28:45,617 [INFO]    пропущено: нет_импульса_вниз_и_не_обвал=29, нет_импульса_и_не_ракета=27, нет_отката_от_хая=3, глубина<$5000=1
2026-09-03 21:28:45,617 [INFO] Сделок: 0 | Win: 0 | Loss: 0 | BE: 0 | WR: 0% | PnL: $+0.00 | Капитал: $25.79 | Открыто: 0/2
2026-09-03 21:29:00,617 [INFO] === Cycle 64 ===
2026-09-03 21:29:01,013 [INFO] Найдено 30 кандидатов
2026-09-03 21:29:01,014 [INFO] [DEBUG-TRACKER] update_prices: total events=0
2026-09-03 21:29:01,014 [INFO] [DEBUG-RISK] update_positions: received 0 events
2026-09-03 21:29:03,478 [INFO] Торговля отключена — новые позиции не открываются
2026-09-03 21:29:03,478 [INFO] 📊 Инспектор цикл 64: кандидатов=30 | проходных=1 | открыто=0 | BTC=+2.01%
2026-09-03 21:29:03,478 [INFO]    пропущено: нет_импульса_вниз_и_не_обвал=29, нет_импульса_и_не_ракета=27, нет_отката_от_хая=2, глубина<$5000=1
2026-09-03 21:29:03,479 [INFO] Сделок: 0 | Win: 0 | Loss: 0 | BE: 0 | WR: 0% | PnL: $+0.00 | Капитал: $25.79 | Открыто: 0/2
2026-09-03 21:29:18,488 [INFO] === Cycle 65 ===
2026-09-03 21:29:18,776 [INFO] Найдено 30 кандидатов
2026-09-03 21:29:18,777 [INFO] [DEBUG-TRACKER] update_prices: total events=0
2026-09-03 21:29:18,777 [INFO] [DEBUG-RISK] update_positions: received 0 events
2026-09-03 21:29:19,617 [INFO] Торговля отключена — новые позиции не открываются
2026-09-03 21:29:19,618 [INFO] 📊 Инспектор цикл 65: кандидатов=30 | проходных=1 | открыто=0 | BTC=+2.01%
2026-09-03 21:29:19,618 [INFO]    пропущено: нет_импульса_вниз_и_не_обвал=29, нет_импульса_и_не_ракета=27, нет_отката_от_хая=2, глубина<$5000=1
2026-09-03 21:29:19,619 [INFO] Сделок: 0 | Win: 0 | Loss: 0 | BE: 0 | WR: 0% | PnL: $+0.00 | Капитал: $25.79 | Открыто: 0/2
2026-09-03 21:29:34,623 [INFO] === Cycle 66 ===
2026-09-03 21:29:34,913 [INFO] Найдено 30 кандидатов
2026-09-03 21:29:34,913 [INFO] [DEBUG-TRACKER] update_prices: total events=0
2026-09-03 21:29:34,914 [INFO] [DEBUG-RISK] update_positions: received 0 events
2026-09-03 21:29:35,614 [INFO] Торговля отключена — новые позиции не открываются
2026-09-03 21:29:35,615 [INFO] 📊 Инспектор цикл 66: кандидатов=30 | проходных=1 | открыто=0 | BTC=+2.01%
2026-09-03 21:29:35,615 [INFO]    пропущено: нет_импульса_вниз_и_не_обвал=29, нет_импульса_и_не_ракета=27, нет_отката_от_хая=2, глубина<$5000=1
2026-09-03 21:29:35,615 [INFO] Сделок: 0 | Win: 0 | Loss: 0 | BE: 0 | WR: 0% | PnL: $+0.00 | Капитал: $25.79 | Открыто: 0/2
2026-09-03 21:29:50,613 [INFO] === Cycle 67 ===
2026-09-03 21:29:50,924 [INFO] Найдено 30 кандидатов
2026-09-03 21:29:50,925 [INFO] [DEBUG-TRACKER] update_prices: total events=0
2026-09-03 21:29:50,925 [INFO] [DEBUG-RISK] update_positions: received 0 events
2026-09-03 21:29:53,633 [INFO] Торговля отключена — новые позиции не открываются
2026-09-03 21:29:53,634 [INFO] 📊 Инспектор цикл 67: кандидатов=30 | проходных=1 | открыто=0 | BTC=+1.98%
2026-09-03 21:29:53,634 [INFO]    пропущено: нет_импульса_вниз_и_не_обвал=29, нет_импульса_и_не_ракета=27, нет_отката_от_хая=2, глубина<$5000=1
2026-09-03 21:29:53,635 [INFO] Сделок: 0 | Win: 0 | Loss: 0 | BE: 0 | WR: 0% | PnL: $+0.00 | Капитал: $25.79 | Открыто: 0/2
2026-09-03 21:30:08,618 [INFO] === Cycle 68 ===
2026-09-03 21:30:08,918 [INFO] Найдено 30 кандидатов
2026-09-03 21:30:08,918 [INFO] [DEBUG-TRACKER] update_prices: total events=0
2026-09-03 21:30:08,919 [INFO] [DEBUG-RISK] update_positions: received 0 events
2026-09-03 21:30:09,619 [INFO] Торговля отключена — новые позиции не открываются
2026-09-03 21:30:09,619 [INFO] 📊 Инспектор цикл 68: кандидатов=30 | проходных=1 | открыто=0 | BTC=+1.98%
2026-09-03 21:30:09,620 [INFO]    пропущено: нет_импульса_вниз_и_не_обвал=29, нет_импульса_и_не_ракета=27, нет_отката_от_хая=2, глубина<$5000=1
2026-09-03 21:30:09,620 [INFO] Сделок: 0 | Win: 0 | Loss: 0 | BE: 0 | WR: 0% | PnL: $+0.00 | Капитал: $25.79 | Открыто: 0/2
2026-09-03 21:30:24,621 [INFO] === Cycle 69 ===
2026-09-03 21:30:24,996 [INFO] Найдено 30 кандидатов
2026-09-03 21:30:24,997 [INFO] [DEBUG-TRACKER] update_prices: total events=0
2026-09-03 21:30:24,997 [INFO] [DEBUG-RISK] update_positions: received 0 events
2026-09-03 21:30:25,896 [INFO] Торговля отключена — новые позиции не открываются
2026-09-03 21:30:25,896 [INFO] 📊 Инспектор цикл 69: кандидатов=30 | проходных=1 | открыто=0 | BTC=+1.98%
2026-09-03 21:30:25,896 [INFO]    пропущено: нет_импульса_вниз_и_не_обвал=29, нет_импульса_и_не_ракета=27, нет_отката_от_хая=2, глубина<$5000=1
2026-09-03 21:30:25,897 [INFO] Сделок: 0 | Win: 0 | Loss: 0 | BE: 0 | WR: 0% | PnL: $+0.00 | Капитал: $25.79 | Открыто: 0/2
2026-09-03 21:30:40,871 [INFO] === Cycle 70 ===
2026-09-03 21:30:41,156 [INFO] Найдено 30 кандидатов
2026-09-03 21:30:41,156 [INFO] [DEBUG-TRACKER] update_prices: total events=0
2026-09-03 21:30:41,157 [INFO] [DEBUG-RISK] update_positions: received 0 events
2026-09-03 21:30:43,636 [INFO] Торговля отключена — новые позиции не открываются
2026-09-03 21:30:43,636 [INFO] 📊 Инспектор цикл 70: кандидатов=30 | проходных=0 | открыто=0 | BTC=+1.98%
2026-09-03 21:30:43,637 [INFO]    пропущено: нет_импульса_вниз_и_не_обвал=29, нет_импульса_и_не_ракета=27, нет_отката_от_хая=3, глубина<$5000=1
2026-09-03 21:30:43,637 [INFO] Сделок: 0 | Win: 0 | Loss: 0 | BE: 0 | WR: 0% | PnL: $+0.00 | Капитал: $25.79 | Открыто: 0/2
2026-09-03 21:30:58,618 [INFO] === Cycle 71 ===
2026-09-03 21:30:58,924 [INFO] Найдено 30 кандидатов
2026-09-03 21:30:58,925 [INFO] [DEBUG-TRACKER] update_prices: total events=0
2026-09-03 21:30:58,925 [INFO] [DEBUG-RISK] update_positions: received 0 events
2026-09-03 21:30:59,762 [INFO] Торговля отключена — новые позиции не открываются
2026-09-03 21:30:59,762 [INFO] 📊 Инспектор цикл 71: кандидатов=30 | проходных=0 | открыто=0 | BTC=+1.93%
2026-09-03 21:30:59,762 [INFO]    пропущено: нет_импульса_вниз_и_не_обвал=29, нет_импульса_и_не_ракета=27, нет_отката_от_хая=3, глубина<$5000=1
2026-09-03 21:30:59,763 [INFO] Сделок: 0 | Win: 0 | Loss: 0 | BE: 0 | WR: 0% | PnL: $+0.00 | Капитал: $25.79 | Открыто: 0/2
2026-09-03 21:31:14,743 [INFO] === Cycle 72 ===
2026-09-03 21:31:15,038 [INFO] Найдено 30 кандидатов
2026-09-03 21:31:15,039 [INFO] [DEBUG-TRACKER] update_prices: total events=0
2026-09-03 21:31:15,039 [INFO] [DEBUG-RISK] update_positions: received 0 events
2026-09-03 21:31:15,727 [INFO] Торговля отключена — новые позиции не открываются
2026-09-03 21:31:15,728 [INFO] 📊 Инспектор цикл 72: кандидатов=30 | проходных=0 | открыто=0 | BTC=+1.93%
2026-09-03 21:31:15,728 [INFO]    пропущено: нет_импульса_вниз_и_не_обвал=29, нет_импульса_и_не_ракета=27, нет_отката_от_хая=3, глубина<$5000=1
2026-09-03 21:31:15,728 [INFO] Сделок: 0 | Win: 0 | Loss: 0 | BE: 0 | WR: 0% | PnL: $+0.00 | Капитал: $25.79 | Открыто: 0/2
2026-09-03 21:31:30,733 [INFO] === Cycle 73 ===
2026-09-03 21:31:31,105 [INFO] Найдено 30 кандидатов
2026-09-03 21:31:31,105 [INFO] [DEBUG-TRACKER] update_prices: total events=0
2026-09-03 21:31:31,105 [INFO] [DEBUG-RISK] update_positions: received 0 events
2026-09-03 21:31:33,852 [INFO] Торговля отключена — новые позиции не открываются
2026-09-03 21:31:33,853 [INFO] 📊 Инспектор цикл 73: кандидатов=30 | проходных=1 | открыто=0 | BTC=+1.93%
2026-09-03 21:31:33,854 [INFO]    пропущено: нет_импульса_вниз_и_не_обвал=28, нет_импульса_и_не_ракета=27, нет_отката_от_хая=2, глубина<$5000=2
2026-09-03 21:31:33,854 [INFO] Сделок: 0 | Win: 0 | Loss: 0 | BE: 0 | WR: 0% | PnL: $+0.00 | Капитал: $25.79 | Открыто: 0/2
2026-09-03 21:31:48,857 [INFO] === Cycle 74 ===
2026-09-03 21:31:49,153 [INFO] Найдено 30 кандидатов
2026-09-03 21:31:50,079 [INFO] [DEBUG-TRACKER] update_prices: total events=0
2026-09-03 21:31:50,079 [INFO] [DEBUG-RISK] update_positions: received 0 events
2026-09-03 21:31:51,392 [INFO] Торговля отключена — новые позиции не открываются
2026-09-03 21:31:51,392 [INFO] 📊 Инспектор цикл 74: кандидатов=30 | проходных=1 | открыто=0 | BTC=+1.86%
2026-09-03 21:31:51,392 [INFO]    пропущено: нет_импульса_вниз_и_не_обвал=28, нет_импульса_и_не_ракета=27, нет_отката_от_хая=2, глубина<$5000=2
2026-09-03 21:31:51,392 [INFO] Сделок: 0 | Win: 0 | Loss: 0 | BE: 0 | WR: 0% | PnL: $+0.00 | Капитал: $25.79 | Открыто: 0/2
2026-09-03 21:32:06,410 [INFO] === Cycle 75 ===
2026-09-03 21:32:07,009 [INFO] Найдено 30 кандидатов
2026-09-03 21:32:07,009 [INFO] [DEBUG-TRACKER] update_prices: total events=0
2026-09-03 21:32:07,009 [INFO] [DEBUG-RISK] update_positions: received 0 events
2026-09-03 21:32:07,961 [INFO] Торговля отключена — новые позиции не открываются
2026-09-03 21:32:08,676 [INFO] 📊 Инспектор цикл 75: кандидатов=30 | проходных=1 | открыто=0 | BTC=+1.86%
2026-09-03 21:32:08,676 [INFO]    пропущено: нет_импульса_вниз_и_не_обвал=28, нет_импульса_и_не_ракета=27, нет_отката_от_хая=2, глубина<$5000=2
2026-09-03 21:32:08,676 [INFO] Сделок: 0 | Win: 0 | Loss: 0 | BE: 0 | WR: 0% | PnL: $+0.00 | Капитал: $25.79 | Открыто: 0/2
2026-09-03 21:32:23,683 [INFO] === Cycle 76 ===
2026-09-03 21:32:24,092 [INFO] Найдено 30 кандидатов
2026-09-03 21:32:24,092 [INFO] [DEBUG-TRACKER] update_prices: total events=0
2026-09-03 21:32:24,092 [INFO] [DEBUG-RISK] update_positions: received 0 events
2026-09-03 21:32:26,591 [INFO] Торговля отключена — новые позиции не открываются
2026-09-03 21:32:27,384 [INFO] 📊 Инспектор цикл 76: кандидатов=30 | проходных=0 | открыто=0 | BTC=+1.86%
2026-09-03 21:32:27,384 [INFO]    пропущено: нет_импульса_вниз_и_не_обвал=29, нет_импульса_и_не_ракета=28, нет_отката_от_хая=2, глубина<$5000=1
2026-09-03 21:32:27,385 [INFO] Сделок: 0 | Win: 0 | Loss: 0 | BE: 0 | WR: 0% | PnL: $+0.00 | Капитал: $25.79 | Открыто: 0/2
2026-09-03 21:32:42,388 [INFO] === Cycle 77 ===
2026-09-03 21:32:42,769 [INFO] Найдено 30 кандидатов
2026-09-03 21:32:42,770 [INFO] [DEBUG-TRACKER] update_prices: total events=0
2026-09-03 21:32:42,770 [INFO] [DEBUG-RISK] update_positions: received 0 events
2026-09-03 21:32:45,256 [INFO] Торговля отключена — новые позиции не открываются
2026-09-03 21:32:45,257 [INFO] 📊 Инспектор цикл 77: кандидатов=30 | проходных=0 | открыто=0 | BTC=+1.93%
2026-09-03 21:32:45,257 [INFO]    пропущено: нет_импульса_вниз_и_не_обвал=29, нет_импульса_и_не_ракета=28, нет_отката_от_хая=2, глубина<$5000=1
2026-09-03 21:32:45,258 [INFO] Сделок: 0 | Win: 0 | Loss: 0 | BE: 0 | WR: 0% | PnL: $+0.00 | Капитал: $25.79 | Открыто: 0/2
2026-09-03 21:32:52,821 [INFO] WS подключён (Binance Futures)
2026-09-03 21:33:00,258 [INFO] === Cycle 78 ===
2026-09-03 21:33:00,628 [INFO] Найдено 30 кандидатов
2026-09-03 21:33:03,000 [INFO] [DEBUG-TRACKER] update_prices: total events=0
2026-09-03 21:33:03,001 [INFO] [DEBUG-RISK] update_positions: received 0 events
2026-09-03 21:33:03,723 [INFO] Торговля отключена — новые позиции не открываются
2026-09-03 21:33:03,724 [INFO] 📊 Инспектор цикл 78: кандидатов=30 | проходных=0 | открыто=0 | BTC=+1.93%
2026-09-03 21:33:03,724 [INFO]    пропущено: нет_импульса_вниз_и_не_обвал=29, нет_импульса_и_не_ракета=28, нет_отката_от_хая=2, глубина<$5000=1
2026-09-03 21:33:03,724 [INFO] Сделок: 0 | Win: 0 | Loss: 0 | BE: 0 | WR: 0% | PnL: $+0.00 | Капитал: $25.79 | Открыто: 0/2
2026-09-03 21:33:18,695 [INFO] === Cycle 79 ===
2026-09-03 21:33:19,091 [INFO] Найдено 30 кандидатов
2026-09-03 21:33:21,347 [INFO] [DEBUG-TRACKER] update_prices: total events=0
2026-09-03 21:33:21,347 [INFO] [DEBUG-RISK] update_positions: received 0 events
2026-09-03 21:33:24,141 [INFO] Торговля отключена — новые позиции не открываются
2026-09-03 21:33:24,142 [INFO] 📊 Инспектор цикл 79: кандидатов=30 | проходных=0 | открыто=0 | BTC=+1.93%
2026-09-03 21:33:24,142 [INFO]    пропущено: нет_импульса_вниз_и_не_обвал=29, нет_импульса_и_не_ракета=28, нет_отката_от_хая=1, свободное_падение=1, глубина<$5000=1
2026-09-03 21:33:24,142 [INFO] Сделок: 0 | Win: 0 | Loss: 0 | BE: 0 | WR: 0% | PnL: $+0.00 | Капитал: $25.79 | Открыто: 0/2
2026-09-03 21:33:39,120 [INFO] === Cycle 80 ===
2026-09-03 21:33:39,435 [INFO] Найдено 30 кандидатов
2026-09-03 21:33:39,436 [INFO] [DEBUG-TRACKER] update_prices: total events=0
2026-09-03 21:33:39,437 [INFO] [DEBUG-RISK] update_positions: received 0 events
2026-09-03 21:33:40,051 [INFO] Торговля отключена — новые позиции не открываются
2026-09-03 21:33:40,052 [INFO] 📊 Инспектор цикл 80: кандидатов=30 | проходных=0 | открыто=0 | BTC=+1.93%
2026-09-03 21:33:40,052 [INFO]    пропущено: нет_импульса_вниз_и_не_обвал=29, нет_импульса_и_не_ракета=28, нет_отката_от_хая=1, свободное_падение=1, глубина<$5000=1
2026-09-03 21:33:40,052 [INFO] Сделок: 0 | Win: 0 | Loss: 0 | BE: 0 | WR: 0% | PnL: $+0.00 | Капитал: $25.79 | Открыто: 0/2
2026-09-03 21:33:55,049 [INFO] === Cycle 81 ===
2026-09-03 21:33:55,571 [INFO] Найдено 30 кандидатов
2026-09-03 21:33:55,572 [INFO] [DEBUG-TRACKER] update_prices: total events=0
2026-09-03 21:33:55,572 [INFO] [DEBUG-RISK] update_positions: received 0 events
2026-09-03 21:33:56,505 [INFO] Торговля отключена — новые позиции не открываются
2026-09-03 21:33:58,726 [INFO] 📊 Инспектор цикл 81: кандидатов=30 | проходных=0 | открыто=0 | BTC=+1.96%
2026-09-03 21:33:58,727 [INFO]    пропущено: нет_импульса_вниз_и_не_обвал=29, нет_импульса_и_не_ракета=28, нет_отката_от_хая=1, свободное_падение=1, глубина<$5000=1
2026-09-03 21:33:58,727 [INFO] Сделок: 0 | Win: 0 | Loss: 0 | BE: 0 | WR: 0% | PnL: $+0.00 | Капитал: $25.79 | Открыто: 0/2
2026-09-03 21:34:13,727 [INFO] === Cycle 82 ===
2026-09-03 21:34:14,106 [INFO] Найдено 30 кандидатов
2026-09-03 21:34:14,107 [INFO] [DEBUG-TRACKER] update_prices: total events=0
2026-09-03 21:34:14,107 [INFO] [DEBUG-RISK] update_positions: received 0 events
2026-09-03 21:34:17,225 [INFO] Торговля отключена — новые позиции не открываются
2026-09-03 21:34:17,451 [INFO] 📊 Инспектор цикл 82: кандидатов=30 | проходных=0 | открыто=0 | BTC=+1.96%
2026-09-03 21:34:17,451 [INFO]    пропущено: нет_импульса_вниз_и_не_обвал=29, нет_импульса_и_не_ракета=28, нет_отката_от_хая=1, свободное_падение=1, глубина<$5000=1
2026-09-03 21:34:17,452 [INFO] Сделок: 0 | Win: 0 | Loss: 0 | BE: 0 | WR: 0% | PnL: $+0.00 | Капитал: $25.79 | Открыто: 0/2
2026-09-03 21:34:18,101 [INFO] Торговля включена
2026-09-03 21:34:32,446 [INFO] === Cycle 83 ===
2026-09-03 21:34:32,828 [INFO] Найдено 30 кандидатов
2026-09-03 21:34:33,835 [INFO] [DEBUG-TRACKER] update_prices: total events=0
2026-09-03 21:34:33,836 [INFO] [DEBUG-RISK] update_positions: received 0 events
2026-09-03 21:34:34,726 [INFO] 📊 Инспектор цикл 83: кандидатов=30 | проходных=0 | открыто=0 | BTC=+1.96%
2026-09-03 21:34:34,726 [INFO]    пропущено: нет_импульса_вниз_и_не_обвал=29, нет_импульса_и_не_ракета=28, нет_отката_от_хая=1, свободное_падение=1, глубина<$5000=1
2026-09-03 21:34:34,726 [INFO] Сделок: 0 | Win: 0 | Loss: 0 | BE: 0 | WR: 0% | PnL: $+0.00 | Капитал: $25.79 | Открыто: 0/2
2026-09-03 21:34:49,726 [INFO] === Cycle 84 ===
2026-09-03 21:34:50,015 [INFO] Найдено 30 кандидатов
2026-09-03 21:34:50,016 [INFO] [DEBUG-TRACKER] update_prices: total events=0
2026-09-03 21:34:50,016 [INFO] [DEBUG-RISK] update_positions: received 0 events
2026-09-03 21:34:50,696 [INFO] 📊 Инспектор цикл 84: кандидатов=30 | проходных=0 | открыто=0 | BTC=+1.90%
2026-09-03 21:34:50,696 [INFO]    пропущено: нет_импульса_вниз_и_не_обвал=29, нет_импульса_и_не_ракета=28, нет_отката_от_хая=1, свободное_падение=1, глубина<$5000=1
2026-09-03 21:34:50,696 [INFO] Сделок: 0 | Win: 0 | Loss: 0 | BE: 0 | WR: 0% | PnL: $+0.00 | Капитал: $25.79 | Открыто: 0/2
2026-09-03 21:35:05,694 [INFO] === Cycle 85 ===
2026-09-03 21:35:06,069 [INFO] Найдено 30 кандидатов
2026-09-03 21:35:06,070 [INFO] [DEBUG-TRACKER] update_prices: total events=0
2026-09-03 21:35:06,070 [INFO] [DEBUG-RISK] update_positions: received 0 events
2026-09-03 21:35:08,842 [INFO] 📊 Инспектор цикл 85: кандидатов=30 | проходных=0 | открыто=0 | BTC=+1.90%
2026-09-03 21:35:10,435 [INFO]    пропущено: нет_импульса_вниз_и_не_обвал=29, нет_импульса_и_не_ракета=28, нет_отката_от_хая=2, глубина<$5000=1
2026-09-03 21:35:10,436 [INFO] Сделок: 0 | Win: 0 | Loss: 0 | BE: 0 | WR: 0% | PnL: $+0.00 | Капитал: $25.79 | Открыто: 0/2
2026-09-03 21:35:25,427 [INFO] === Cycle 86 ===
2026-09-03 21:35:25,800 [INFO] Найдено 30 кандидатов
2026-09-03 21:35:27,152 [INFO] [DEBUG-TRACKER] update_prices: total events=0
2026-09-03 21:35:27,152 [INFO] [DEBUG-RISK] update_positions: received 0 events
2026-09-03 21:35:27,773 [INFO] 📊 Инспектор цикл 86: кандидатов=30 | проходных=0 | открыто=0 | BTC=+1.90%
2026-09-03 21:35:27,773 [INFO]    пропущено: нет_импульса_вниз_и_не_обвал=29, нет_импульса_и_не_ракета=28, нет_отката_от_хая=2, глубина<$5000=1
2026-09-03 21:35:27,774 [INFO] Сделок: 0 | Win: 0 | Loss: 0 | BE: 0 | WR: 0% | PnL: $+0.00 | Капитал: $25.79 | Открыто: 0/2
2026-09-03 21:35:42,773 [INFO] === Cycle 87 ===
2026-09-03 21:35:43,149 [INFO] Найдено 30 кандидатов
2026-09-03 21:35:43,150 [INFO] [DEBUG-TRACKER] update_prices: total events=0
2026-09-03 21:35:43,150 [INFO] [DEBUG-RISK] update_positions: received 0 events
2026-09-03 21:35:44,077 [INFO] 📊 Инспектор цикл 87: кандидатов=30 | проходных=0 | открыто=0 | BTC=+1.90%
2026-09-03 21:35:45,310 [INFO]    пропущено: нет_импульса_вниз_и_не_обвал=29, нет_импульса_и_не_ракета=28, нет_отката_от_хая=2, глубина<$5000=1
2026-09-03 21:35:45,310 [INFO] Сделок: 0 | Win: 0 | Loss: 0 | BE: 0 | WR: 0% | PnL: $+0.00 | Капитал: $25.79 | Открыто: 0/2
2026-09-03 21:36:00,291 [INFO] === Cycle 88 ===
2026-09-03 21:36:00,588 [INFO] Найдено 30 кандидатов
2026-09-03 21:36:00,588 [INFO] [DEBUG-TRACKER] update_prices: total events=0
2026-09-03 21:36:00,588 [INFO] [DEBUG-RISK] update_positions: received 0 events
2026-09-03 21:36:03,097 [INFO] 📊 Инспектор цикл 88: кандидатов=30 | проходных=0 | открыто=0 | BTC=+1.96%
2026-09-03 21:36:04,118 [INFO]    пропущено: нет_импульса_вниз_и_не_обвал=29, нет_импульса_и_не_ракета=28, нет_отката_от_хая=2, глубина<$5000=1
2026-09-03 21:36:04,119 [INFO] Сделок: 0 | Win: 0 | Loss: 0 | BE: 0 | WR: 0% | PnL: $+0.00 | Капитал: $25.79 | Открыто: 0/2
2026-09-03 21:36:19,118 [INFO] === Cycle 89 ===
2026-09-03 21:36:19,499 [INFO] Найдено 30 кандидатов
2026-09-03 21:36:19,499 [INFO] [DEBUG-TRACKER] update_prices: total events=0
2026-09-03 21:36:19,499 [INFO] [DEBUG-RISK] update_positions: received 0 events
2026-09-03 21:36:20,331 [INFO] 📊 Инспектор цикл 89: кандидатов=30 | проходных=0 | открыто=0 | BTC=+1.96%
2026-09-03 21:36:20,332 [INFO]    пропущено: нет_импульса_вниз_и_не_обвал=29, нет_импульса_и_не_ракета=28, нет_отката_от_хая=2, глубина<$5000=1
2026-09-03 21:36:20,332 [INFO] Сделок: 0 | Win: 0 | Loss: 0 | BE: 0 | WR: 0% | PnL: $+0.00 | Капитал: $25.79 | Открыто: 0/2
2026-09-03 21:36:35,325 [INFO] === Cycle 90 ===
2026-09-03 21:36:35,617 [INFO] Найдено 30 кандидатов
2026-09-03 21:36:35,617 [INFO] [DEBUG-TRACKER] update_prices: total events=0
2026-09-03 21:36:35,617 [INFO] [DEBUG-RISK] update_positions: received 0 events
2026-09-03 21:36:36,308 [INFO] 📊 Инспектор цикл 90: кандидатов=30 | проходных=0 | открыто=0 | BTC=+1.96%
2026-09-03 21:36:36,309 [INFO]    пропущено: нет_импульса_вниз_и_не_обвал=29, нет_импульса_и_не_ракета=28, нет_отката_от_хая=2, глубина<$5000=1
2026-09-03 21:36:36,309 [INFO] Сделок: 0 | Win: 0 | Loss: 0 | BE: 0 | WR: 0% | PnL: $+0.00 | Капитал: $25.79 | Открыто: 0/2
2026-09-03 21:36:51,288 [INFO] === Cycle 91 ===
2026-09-03 21:36:51,586 [INFO] Найдено 30 кандидатов
2026-09-03 21:36:51,586 [INFO] [DEBUG-TRACKER] update_prices: total events=0
2026-09-03 21:36:51,587 [INFO] [DEBUG-RISK] update_positions: received 0 events
2026-09-03 21:36:54,486 [INFO] 📊 Инспектор цикл 91: кандидатов=30 | проходных=0 | открыто=0 | BTC=+1.97%
2026-09-03 21:36:54,486 [INFO]    пропущено: нет_импульса_и_не_ракета=29, нет_импульса_вниз_и_не_обвал=29, свободное_падение=1, глубина<$5000=1
2026-09-03 21:36:54,487 [INFO] Сделок: 0 | Win: 0 | Loss: 0 | BE: 0 | WR: 0% | PnL: $+0.00 | Капитал: $25.79 | Открыто: 0/2
2026-09-03 21:37:09,480 [INFO] === Cycle 92 ===
2026-09-03 21:37:09,777 [INFO] Найдено 30 кандидатов
2026-09-03 21:37:09,777 [INFO] [DEBUG-TRACKER] update_prices: total events=0
2026-09-03 21:37:09,777 [INFO] [DEBUG-RISK] update_positions: received 0 events
2026-09-03 21:37:10,388 [INFO] 📊 Инспектор цикл 92: кандидатов=30 | проходных=0 | открыто=0 | BTC=+1.97%
2026-09-03 21:37:11,688 [INFO]    пропущено: нет_импульса_и_не_ракета=29, нет_импульса_вниз_и_не_обвал=29, свободное_падение=1, глубина<$5000=1
2026-09-03 21:37:11,689 [INFO] Сделок: 0 | Win: 0 | Loss: 0 | BE: 0 | WR: 0% | PnL: $+0.00 | Капитал: $25.79 | Открыто: 0/2
2026-09-03 21:37:26,673 [INFO] === Cycle 93 ===
2026-09-03 21:37:27,258 [INFO] Найдено 30 кандидатов
2026-09-03 21:37:27,259 [INFO] [DEBUG-TRACKER] update_prices: total events=0
2026-09-03 21:37:27,259 [INFO] [DEBUG-RISK] update_positions: received 0 events
2026-09-03 21:37:28,181 [INFO] 📊 Инспектор цикл 93: кандидатов=30 | проходных=0 | открыто=0 | BTC=+1.97%
2026-09-03 21:37:30,201 [INFO]    пропущено: нет_импульса_и_не_ракета=29, нет_импульса_вниз_и_не_обвал=29, свободное_падение=1, глубина<$5000=1
2026-09-03 21:37:30,202 [INFO] Сделок: 0 | Win: 0 | Loss: 0 | BE: 0 | WR: 0% | PnL: $+0.00 | Капитал: $25.79 | Открыто: 0/2
2026-09-03 21:37:45,195 [INFO] === Cycle 94 ===
2026-09-03 21:37:45,557 [INFO] Найдено 30 кандидатов
2026-09-03 21:37:45,557 [INFO] [DEBUG-TRACKER] update_prices: total events=0
2026-09-03 21:37:45,557 [INFO] [DEBUG-RISK] update_positions: received 0 events
2026-09-03 21:37:48,188 [INFO] 📊 Инспектор цикл 94: кандидатов=30 | проходных=0 | открыто=0 | BTC=+1.97%
2026-09-03 21:37:48,935 [INFO]    пропущено: нет_импульса_и_не_ракета=29, нет_импульса_вниз_и_не_обвал=29, свободное_падение=1, глубина<$5000=1
2026-09-03 21:37:48,936 [INFO] Сделок: 0 | Win: 0 | Loss: 0 | BE: 0 | WR: 0% | PnL: $+0.00 | Капитал: $25.79 | Открыто: 0/2
2026-09-03 21:38:03,923 [INFO] === Cycle 95 ===
2026-09-03 21:38:04,519 [INFO] Найдено 30 кандидатов
2026-09-03 21:38:04,537 [INFO] [DEBUG-TRACKER] update_prices: total events=0
2026-09-03 21:38:04,538 [INFO] [DEBUG-RISK] update_positions: received 0 events
2026-09-03 21:38:05,477 [INFO] 📊 Инспектор цикл 95: кандидатов=30 | проходных=0 | открыто=0 | BTC=+1.97%
2026-09-03 21:38:05,477 [INFO]    пропущено: нет_импульса_и_не_ракета=29, нет_импульса_вниз_и_не_обвал=29, свободное_падение=1, глубина<$5000=1
2026-09-03 21:38:05,477 [INFO] Сделок: 0 | Win: 0 | Loss: 0 | BE: 0 | WR: 0% | PnL: $+0.00 | Капитал: $25.79 | Открыто: 0/2
2026-09-03 21:38:20,494 [INFO] === Cycle 96 ===
2026-09-03 21:38:20,859 [INFO] Найдено 30 кандидатов
2026-09-03 21:38:20,860 [INFO] [DEBUG-TRACKER] update_prices: total events=0
2026-09-03 21:38:20,860 [INFO] [DEBUG-RISK] update_positions: received 0 events
2026-09-03 21:38:21,530 [INFO] 📊 Инспектор цикл 96: кандидатов=30 | проходных=0 | открыто=0 | BTC=+1.97%
2026-09-03 21:38:23,752 [INFO]    пропущено: нет_импульса_и_не_ракета=29, нет_импульса_вниз_и_не_обвал=29, свободное_падение=1, глубина<$5000=1
2026-09-03 21:38:23,940 [INFO] Сделок: 0 | Win: 0 | Loss: 0 | BE: 0 | WR: 0% | PnL: $+0.00 | Капитал: $25.79 | Открыто: 0/2
2026-09-03 21:38:38,916 [INFO] === Cycle 97 ===
2026-09-03 21:38:39,287 [INFO] Найдено 30 кандидатов
2026-09-03 21:38:39,288 [INFO] [DEBUG-TRACKER] update_prices: total events=0
2026-09-03 21:38:39,288 [INFO] [DEBUG-RISK] update_positions: received 0 events
2026-09-03 21:38:42,056 [INFO] 📊 Инспектор цикл 97: кандидатов=30 | проходных=0 | открыто=0 | BTC=+1.97%
2026-09-03 21:38:42,056 [INFO]    пропущено: нет_импульса_и_не_ракета=29, нет_импульса_вниз_и_не_обвал=29, нет_отката_от_хая=1, глубина<$5000=1
2026-09-03 21:38:42,057 [INFO] Сделок: 0 | Win: 0 | Loss: 0 | BE: 0 | WR: 0% | PnL: $+0.00 | Капитал: $25.79 | Открыто: 0/2
2026-09-03 21:38:57,044 [INFO] === Cycle 98 ===
2026-09-03 21:38:57,789 [INFO] Найдено 30 кандидатов
2026-09-03 21:38:57,790 [INFO] [DEBUG-TRACKER] update_prices: total events=0
2026-09-03 21:38:57,790 [INFO] [DEBUG-RISK] update_positions: received 0 events
2026-09-03 21:38:58,411 [INFO] 📊 Инспектор цикл 98: кандидатов=30 | проходных=0 | открыто=0 | BTC=+2.01%
2026-09-03 21:39:00,610 [INFO]    пропущено: нет_импульса_и_не_ракета=30, нет_импульса_вниз_и_не_обвал=30
2026-09-03 21:39:00,611 [INFO] Сделок: 0 | Win: 0 | Loss: 0 | BE: 0 | WR: 0% | PnL: $+0.00 | Капитал: $25.79 | Открыто: 0/2
2026-09-03 21:39:15,604 [INFO] === Cycle 99 ===
2026-09-03 21:39:15,976 [INFO] Найдено 30 кандидатов
2026-09-03 21:39:16,048 [INFO] [DEBUG-TRACKER] update_prices: total events=0
2026-09-03 21:39:16,203 [INFO] [DEBUG-RISK] update_positions: received 0 events
2026-09-03 21:39:17,178 [INFO] 📊 Инспектор цикл 99: кандидатов=30 | проходных=0 | открыто=0 | BTC=+2.01%
2026-09-03 21:39:17,179 [INFO]    пропущено: нет_импульса_и_не_ракета=29, нет_импульса_вниз_и_не_обвал=29, нет_отката_от_хая=1, глубина<$5000=1
2026-09-03 21:39:17,179 [INFO] Сделок: 0 | Win: 0 | Loss: 0 | BE: 0 | WR: 0% | PnL: $+0.00 | Капитал: $25.79 | Открыто: 0/2
2026-09-03 21:39:32,167 [INFO] === Cycle 100 ===
2026-09-03 21:39:32,452 [INFO] Найдено 30 кандидатов
2026-09-03 21:39:32,452 [INFO] [DEBUG-TRACKER] update_prices: total events=0
2026-09-03 21:39:32,452 [INFO] [DEBUG-RISK] update_positions: received 0 events
2026-09-03 21:39:34,941 [INFO] 📊 Инспектор цикл 100: кандидатов=30 | проходных=0 | открыто=0 | BTC=+2.01%
2026-09-03 21:39:34,941 [INFO]    пропущено: нет_импульса_и_не_ракета=29, нет_импульса_вниз_и_не_обвал=29, нет_отката_от_хая=1, глубина<$5000=1
2026-09-03 21:39:34,942 [INFO] Сделок: 0 | Win: 0 | Loss: 0 | BE: 0 | WR: 0% | PnL: $+0.00 | Капитал: $25.79 | Открыто: 0/2
2026-09-03 21:39:49,918 [INFO] === Cycle 101 ===
2026-09-03 21:39:50,267 [INFO] Найдено 30 кандидатов
2026-09-03 21:39:50,267 [INFO] [DEBUG-TRACKER] update_prices: total events=0
2026-09-03 21:39:50,268 [INFO] [DEBUG-RISK] update_positions: received 0 events
2026-09-03 21:39:50,958 [INFO] 📊 Инспектор цикл 101: кандидатов=30 | проходных=0 | открыто=0 | BTC=+1.98%
2026-09-03 21:39:50,958 [INFO]    пропущено: нет_импульса_и_не_ракета=30, нет_импульса_вниз_и_не_обвал=30
2026-09-03 21:39:50,958 [INFO] Сделок: 0 | Win: 0 | Loss: 0 | BE: 0 | WR: 0% | PnL: $+0.00 | Капитал: $25.79 | Открыто: 0/2
2026-09-03 21:40:05,952 [INFO] === Cycle 102 ===
2026-09-03 21:40:06,324 [INFO] Найдено 30 кандидатов
2026-09-03 21:40:06,324 [INFO] [DEBUG-TRACKER] update_prices: total events=0
2026-09-03 21:40:06,324 [INFO] [DEBUG-RISK] update_positions: received 0 events
2026-09-03 21:40:07,195 [INFO] 📊 Инспектор цикл 102: кандидатов=30 | проходных=0 | открыто=0 | BTC=+1.98%
2026-09-03 21:40:09,420 [INFO]    пропущено: нет_импульса_и_не_ракета=30, нет_импульса_вниз_и_не_обвал=30
2026-09-03 21:40:09,420 [INFO] Сделок: 0 | Win: 0 | Loss: 0 | BE: 0 | WR: 0% | PnL: $+0.00 | Капитал: $25.79 | Открыто: 0/2
2026-09-03 21:40:24,421 [INFO] === Cycle 103 ===
2026-09-03 21:40:24,791 [INFO] Найдено 30 кандидатов
2026-09-03 21:40:24,791 [INFO] [DEBUG-TRACKER] update_prices: total events=0
2026-09-03 21:40:24,792 [INFO] [DEBUG-RISK] update_positions: received 0 events
2026-09-03 21:40:27,424 [INFO] 📊 Инспектор цикл 103: кандидатов=30 | проходных=0 | открыто=0 | BTC=+1.98%
2026-09-03 21:40:28,403 [INFO]    пропущено: нет_импульса_и_не_ракета=30, нет_импульса_вниз_и_не_обвал=29, глубина<$5000=1
2026-09-03 21:40:28,403 [INFO] Сделок: 0 | Win: 0 | Loss: 0 | BE: 0 | WR: 0% | PnL: $+0.00 | Капитал: $25.79 | Открыто: 0/2
2026-09-03 21:40:43,399 [INFO] === Cycle 104 ===
2026-09-03 21:40:43,998 [INFO] Найдено 30 кандидатов
2026-09-03 21:40:43,998 [INFO] [DEBUG-TRACKER] update_prices: total events=0
2026-09-03 21:40:43,998 [INFO] [DEBUG-RISK] update_positions: received 0 events
2026-09-03 21:40:45,194 [INFO] 📊 Инспектор цикл 104: кандидатов=30 | проходных=0 | открыто=0 | BTC=+1.98%
2026-09-03 21:40:46,708 [INFO]    пропущено: нет_импульса_и_не_ракета=29, нет_импульса_вниз_и_не_обвал=28, глубина<$5000=2, нет_отката_от_хая=1
2026-09-03 21:40:46,709 [INFO] Сделок: 0 | Win: 0 | Loss: 0 | BE: 0 | WR: 0% | PnL: $+0.00 | Капитал: $25.79 | Открыто: 0/2
2026-09-03 21:41:01,698 [INFO] === Cycle 105 ===
2026-09-03 21:41:01,994 [INFO] Найдено 30 кандидатов
2026-09-03 21:41:01,994 [INFO] [DEBUG-TRACKER] update_prices: total events=0
2026-09-03 21:41:01,994 [INFO] [DEBUG-RISK] update_positions: received 0 events
2026-09-03 21:41:02,899 [INFO] 📊 Инспектор цикл 105: кандидатов=30 | проходных=0 | открыто=0 | BTC=+1.98%
2026-09-03 21:41:05,253 [INFO]    пропущено: нет_импульса_и_не_ракета=30, нет_импульса_вниз_и_не_обвал=29, глубина<$5000=1
2026-09-03 21:41:05,253 [INFO] Сделок: 0 | Win: 0 | Loss: 0 | BE: 0 | WR: 0% | PnL: $+0.00 | Капитал: $25.79 | Открыто: 0/2
2026-09-03 21:41:20,245 [INFO] === Cycle 106 ===
2026-09-03 21:41:20,668 [INFO] Найдено 30 кандидатов
2026-09-03 21:41:20,715 [INFO] [DEBUG-TRACKER] update_prices: total events=0
2026-09-03 21:41:20,716 [INFO] [DEBUG-RISK] update_positions: received 0 events
2026-09-03 21:41:22,702 [INFO] 📊 Инспектор цикл 106: кандидатов=30 | проходных=0 | открыто=0 | BTC=+1.98%
2026-09-03 21:41:24,019 [INFO]    пропущено: нет_импульса_и_не_ракета=30, нет_импульса_вниз_и_не_обвал=29, глубина<$5000=1
2026-09-03 21:41:24,207 [INFO] Сделок: 0 | Win: 0 | Loss: 0 | BE: 0 | WR: 0% | PnL: $+0.00 | Капитал: $25.79 | Открыто: 0/2
2026-09-03 21:41:39,214 [INFO] === Cycle 107 ===
2026-09-03 21:41:39,590 [INFO] Найдено 30 кандидатов
2026-09-03 21:41:39,604 [INFO] [DEBUG-TRACKER] update_prices: total events=0
2026-09-03 21:41:39,604 [INFO] [DEBUG-RISK] update_positions: received 0 events
2026-09-03 21:41:40,532 [INFO] 📊 Инспектор цикл 107: кандидатов=30 | проходных=0 | открыто=0 | BTC=+1.98%
2026-09-03 21:41:40,532 [INFO]    пропущено: нет_импульса_и_не_ракета=30, нет_импульса_вниз_и_не_обвал=29, глубина<$5000=1
2026-09-03 21:41:40,532 [INFO] Сделок: 0 | Win: 0 | Loss: 0 | BE: 0 | WR: 0% | PnL: $+0.00 | Капитал: $25.79 | Открыто: 0/2
2026-09-03 21:41:55,532 [INFO] === Cycle 108 ===
2026-09-03 21:41:55,819 [INFO] Найдено 30 кандидатов
2026-09-03 21:41:55,819 [INFO] [DEBUG-TRACKER] update_prices: total events=0
2026-09-03 21:41:55,819 [INFO] [DEBUG-RISK] update_positions: received 0 events
2026-09-03 21:41:56,523 [INFO] 📊 Инспектор цикл 108: кандидатов=30 | проходных=0 | открыто=0 | BTC=+2.01%
2026-09-03 21:41:56,524 [INFO]    пропущено: нет_импульса_и_не_ракета=30, нет_импульса_вниз_и_не_обвал=29, глубина<$5000=1
2026-09-03 21:41:56,524 [INFO] Сделок: 0 | Win: 0 | Loss: 0 | BE: 0 | WR: 0% | PnL: $+0.00 | Капитал: $25.79 | Открыто: 0/2
2026-09-03 21:42:11,528 [INFO] === Cycle 109 ===
2026-09-03 21:42:11,905 [INFO] Найдено 30 кандидатов
2026-09-03 21:42:14,220 [INFO] [DEBUG-TRACKER] update_prices: total events=0
2026-09-03 21:42:14,220 [INFO] [DEBUG-RISK] update_positions: received 0 events
2026-09-03 21:42:17,527 [INFO] 📊 Инспектор цикл 109: кандидатов=30 | проходных=0 | открыто=0 | BTC=+2.01%
2026-09-03 21:42:17,527 [INFO]    пропущено: нет_импульса_и_не_ракета=29, нет_импульса_вниз_и_не_обвал=28, свободное_падение=1, score<36=1, глубина<$5000=1
2026-09-03 21:42:17,528 [INFO] Сделок: 0 | Win: 0 | Loss: 0 | BE: 0 | WR: 0% | PnL: $+0.00 | Капитал: $25.79 | Открыто: 0/2
2026-09-03 21:42:32,529 [INFO] === Cycle 110 ===
2026-09-03 21:42:32,834 [INFO] Найдено 30 кандидатов
2026-09-03 21:42:32,835 [INFO] [DEBUG-TRACKER] update_prices: total events=0
2026-09-03 21:42:32,835 [INFO] [DEBUG-RISK] update_positions: received 0 events
2026-09-03 21:42:33,512 [INFO] 📊 Инспектор цикл 110: кандидатов=30 | проходных=0 | открыто=0 | BTC=+2.01%
2026-09-03 21:42:33,512 [INFO]    пропущено: нет_импульса_и_не_ракета=29, нет_импульса_вниз_и_не_обвал=28, свободное_падение=1, score<36=1, глубина<$5000=1
2026-09-03 21:42:33,512 [INFO] Сделок: 0 | Win: 0 | Loss: 0 | BE: 0 | WR: 0% | PnL: $+0.00 | Капитал: $25.79 | Открыто: 0/2
2026-09-03 21:42:48,495 [INFO] === Cycle 111 ===
2026-09-03 21:42:48,795 [INFO] Найдено 30 кандидатов
2026-09-03 21:42:51,298 [INFO] [DEBUG-TRACKER] update_prices: total events=0
2026-09-03 21:42:51,298 [INFO] [DEBUG-RISK] update_positions: received 0 events
2026-09-03 21:42:52,219 [INFO] 📊 Инспектор цикл 111: кандидатов=30 | проходных=0 | открыто=0 | BTC=+1.94%
2026-09-03 21:42:52,219 [INFO]    пропущено: нет_импульса_и_не_ракета=29, нет_импульса_вниз_и_не_обвал=28, глубина<$5000=2, свободное_падение=1
2026-09-03 21:42:52,219 [INFO] Сделок: 0 | Win: 0 | Loss: 0 | BE: 0 | WR: 0% | PnL: $+0.00 | Капитал: $25.79 | Открыто: 0/2
2026-09-03 21:43:07,196 [INFO] === Cycle 112 ===
2026-09-03 21:43:07,496 [INFO] Найдено 30 кандидатов
2026-09-03 21:43:07,497 [INFO] [DEBUG-TRACKER] update_prices: total events=0
2026-09-03 21:43:07,497 [INFO] [DEBUG-RISK] update_positions: received 0 events
2026-09-03 21:43:10,126 [INFO] 📊 Инспектор цикл 112: кандидатов=30 | проходных=0 | открыто=0 | BTC=+1.94%
2026-09-03 21:43:10,126 [INFO]    пропущено: нет_импульса_и_не_ракета=29, нет_импульса_вниз_и_не_обвал=28, глубина<$5000=2, свободное_падение=1
2026-09-03 21:43:10,127 [INFO] Сделок: 0 | Win: 0 | Loss: 0 | BE: 0 | WR: 0% | PnL: $+0.00 | Капитал: $25.79 | Открыто: 0/2
2026-09-03 21:43:25,132 [INFO] === Cycle 113 ===
2026-09-03 21:43:25,503 [INFO] Найдено 30 кандидатов
2026-09-03 21:43:25,503 [INFO] [DEBUG-TRACKER] update_prices: total events=0
2026-09-03 21:43:25,503 [INFO] [DEBUG-RISK] update_positions: received 0 events
2026-09-03 21:43:26,454 [INFO] 📊 Инспектор цикл 113: кандидатов=30 | проходных=0 | открыто=0 | BTC=+1.94%
2026-09-03 21:43:26,454 [INFO]    пропущено: нет_импульса_и_не_ракета=29, нет_импульса_вниз_и_не_обвал=28, глубина<$5000=2, свободное_падение=1
2026-09-03 21:43:26,454 [INFO] Сделок: 0 | Win: 0 | Loss: 0 | BE: 0 | WR: 0% | PnL: $+0.00 | Капитал: $25.79 | Открыто: 0/2
2026-09-03 21:43:41,450 [INFO] === Cycle 114 ===
2026-09-03 21:43:41,746 [INFO] Найдено 30 кандидатов
2026-09-03 21:43:41,746 [INFO] [DEBUG-TRACKER] update_prices: total events=0
2026-09-03 21:43:41,747 [INFO] [DEBUG-RISK] update_positions: received 0 events
2026-09-03 21:43:42,442 [INFO] 📊 Инспектор цикл 114: кандидатов=30 | проходных=0 | открыто=0 | BTC=+1.94%
2026-09-03 21:43:44,226 [INFO]    пропущено: нет_импульса_и_не_ракета=29, нет_импульса_вниз_и_не_обвал=28, глубина<$5000=2, свободное_падение=1
2026-09-03 21:43:44,232 [INFO] Сделок: 0 | Win: 0 | Loss: 0 | BE: 0 | WR: 0% | PnL: $+0.00 | Капитал: $25.79 | Открыто: 0/2
2026-09-03 21:43:59,368 [INFO] === Cycle 115 ===
2026-09-03 21:43:59,653 [INFO] Найдено 30 кандидатов
2026-09-03 21:43:59,653 [INFO] [DEBUG-TRACKER] update_prices: total events=0
2026-09-03 21:43:59,653 [INFO] [DEBUG-RISK] update_positions: received 0 events
2026-09-03 21:44:02,406 [INFO] 📊 Инспектор цикл 115: кандидатов=30 | проходных=0 | открыто=0 | BTC=+1.96%
2026-09-03 21:44:02,406 [INFO]    пропущено: нет_импульса_и_не_ракета=29, нет_импульса_вниз_и_не_обвал=28, глубина<$5000=2, свободное_падение=1
2026-09-03 21:44:02,406 [INFO] Сделок: 0 | Win: 0 | Loss: 0 | BE: 0 | WR: 0% | PnL: $+0.00 | Капитал: $25.79 | Открыто: 0/2
2026-09-03 21:44:17,403 [INFO] === Cycle 116 ===
2026-09-03 21:44:17,703 [INFO] Найдено 30 кандидатов
2026-09-03 21:44:17,704 [INFO] [DEBUG-TRACKER] update_prices: total events=0
2026-09-03 21:44:17,704 [INFO] [DEBUG-RISK] update_positions: received 0 events
2026-09-03 21:44:18,409 [INFO] 📊 Инспектор цикл 116: кандидатов=30 | проходных=0 | открыто=0 | BTC=+1.96%
2026-09-03 21:44:18,409 [INFO]    пропущено: нет_импульса_и_не_ракета=29, нет_импульса_вниз_и_не_обвал=28, глубина<$5000=2, свободное_падение=1
2026-09-03 21:44:18,409 [INFO] Сделок: 0 | Win: 0 | Loss: 0 | BE: 0 | WR: 0% | PnL: $+0.00 | Капитал: $25.79 | Открыто: 0/2
2026-09-03 21:44:33,410 [INFO] === Cycle 117 ===
2026-09-03 21:44:33,776 [INFO] Найдено 30 кандидатов
2026-09-03 21:44:34,316 [INFO] [DEBUG-TRACKER] update_prices: total events=0
2026-09-03 21:44:34,316 [INFO] [DEBUG-RISK] update_positions: received 0 events
2026-09-03 21:44:35,272 [INFO] 📊 Инспектор цикл 117: кандидатов=30 | проходных=0 | открыто=0 | BTC=+1.96%
2026-09-03 21:44:35,273 [INFO]    пропущено: нет_импульса_и_не_ракета=29, нет_импульса_вниз_и_не_обвал=28, глубина<$5000=2, свободное_падение=1
2026-09-03 21:44:35,273 [INFO] Сделок: 0 | Win: 0 | Loss: 0 | BE: 0 | WR: 0% | PnL: $+0.00 | Капитал: $25.79 | Открыто: 0/2
2026-09-03 21:44:50,275 [INFO] === Cycle 118 ===
2026-09-03 21:44:50,785 [INFO] Найдено 30 кандидатов
2026-09-03 21:44:50,786 [INFO] [DEBUG-TRACKER] update_prices: total events=0
2026-09-03 21:44:50,786 [INFO] [DEBUG-RISK] update_positions: received 0 events
2026-09-03 21:44:53,424 [INFO] 📊 Инспектор цикл 118: кандидатов=30 | проходных=0 | открыто=0 | BTC=+1.95%
2026-09-03 21:44:53,795 [INFO]    пропущено: нет_импульса_и_не_ракета=29, нет_импульса_вниз_и_не_обвал=28, глубина<$5000=2, нет_отката_от_хая=1
2026-09-03 21:44:53,796 [INFO] Сделок: 0 | Win: 0 | Loss: 0 | BE: 0 | WR: 0% | PnL: $+0.00 | Капитал: $25.79 | Открыто: 0/2
2026-09-03 21:45:08,801 [INFO] === Cycle 119 ===
2026-09-03 21:45:09,179 [INFO] Найдено 30 кандидатов
2026-09-03 21:45:09,180 [INFO] [DEBUG-TRACKER] update_prices: total events=0
2026-09-03 21:45:09,180 [INFO] [DEBUG-RISK] update_positions: received 0 events
2026-09-03 21:45:10,102 [INFO] 📊 Инспектор цикл 119: кандидатов=30 | проходных=0 | открыто=0 | BTC=+1.95%
2026-09-03 21:45:10,103 [INFO]    пропущено: нет_импульса_и_не_ракета=30, нет_импульса_вниз_и_не_обвал=29, глубина<$5000=1
2026-09-03 21:45:10,103 [INFO] Сделок: 0 | Win: 0 | Loss: 0 | BE: 0 | WR: 0% | PnL: $+0.00 | Капитал: $25.79 | Открыто: 0/2
2026-09-03 21:45:25,103 [INFO] === Cycle 120 ===
2026-09-03 21:45:25,391 [INFO] Найдено 30 кандидатов
2026-09-03 21:45:25,391 [INFO] [DEBUG-TRACKER] update_prices: total events=0
2026-09-03 21:45:25,392 [INFO] [DEBUG-RISK] update_positions: received 0 events
2026-09-03 21:45:26,075 [INFO] 📊 Инспектор цикл 120: кандидатов=30 | проходных=0 | открыто=0 | BTC=+1.95%
2026-09-03 21:45:26,076 [INFO]    пропущено: нет_импульса_и_не_ракета=30, нет_импульса_вниз_и_не_обвал=29, глубина<$5000=1
2026-09-03 21:45:26,076 [INFO] Сделок: 0 | Win: 0 | Loss: 0 | BE: 0 | WR: 0% | PnL: $+0.00 | Капитал: $25.79 | Открыто: 0/2
2026-09-03 21:45:41,087 [INFO] === Cycle 121 ===
2026-09-03 21:45:41,663 [INFO] Найдено 30 кандидатов
2026-09-03 21:45:43,921 [INFO] [DEBUG-TRACKER] update_prices: total events=0
2026-09-03 21:45:43,921 [INFO] [DEBUG-RISK] update_positions: received 0 events
2026-09-03 21:45:46,590 [INFO] 📊 Инспектор цикл 121: кандидатов=30 | проходных=0 | открыто=0 | BTC=+1.95%
2026-09-03 21:45:46,591 [INFO]    пропущено: нет_импульса_и_не_ракета=29, нет_импульса_вниз_и_не_обвал=28, глубина<$5000=2, нет_отката_от_хая=1
2026-09-03 21:45:46,591 [INFO] Сделок: 0 | Win: 0 | Loss: 0 | BE: 0 | WR: 0% | PnL: $+0.00 | Капитал: $25.79 | Открыто: 0/2
2026-09-03 21:46:01,572 [INFO] === Cycle 122 ===
2026-09-03 21:46:02,085 [INFO] Найдено 30 кандидатов
2026-09-03 21:46:02,085 [INFO] [DEBUG-TRACKER] update_prices: total events=0
2026-09-03 21:46:02,085 [INFO] [DEBUG-RISK] update_positions: received 0 events
2026-09-03 21:46:02,945 [INFO] 📊 Инспектор цикл 122: кандидатов=30 | проходных=0 | открыто=0 | BTC=+1.90%
2026-09-03 21:46:03,721 [INFO]    пропущено: нет_импульса_и_не_ракета=29, нет_импульса_вниз_и_не_обвал=28, глубина<$5000=2, нет_отката_от_хая=1
2026-09-03 21:46:03,722 [INFO] Сделок: 0 | Win: 0 | Loss: 0 | BE: 0 | WR: 0% | PnL: $+0.00 | Капитал: $25.79 | Открыто: 0/2
2026-09-03 21:46:18,695 [INFO] === Cycle 123 ===
2026-09-03 21:46:19,074 [INFO] Найдено 30 кандидатов
2026-09-03 21:46:19,075 [INFO] [DEBUG-TRACKER] update_prices: total events=0
2026-09-03 21:46:19,075 [INFO] [DEBUG-RISK] update_positions: received 0 events
2026-09-03 21:46:20,031 [INFO] 📊 Инспектор цикл 123: кандидатов=30 | проходных=0 | открыто=0 | BTC=+1.90%
2026-09-03 21:46:20,031 [INFO]    пропущено: нет_импульса_и_не_ракета=29, нет_импульса_вниз_и_не_обвал=28, глубина<$5000=2, нет_отката_от_хая=1
2026-09-03 21:46:20,032 [INFO] Сделок: 0 | Win: 0 | Loss: 0 | BE: 0 | WR: 0% | PnL: $+0.00 | Капитал: $25.79 | Открыто: 0/2
2026-09-03 21:46:35,031 [INFO] === Cycle 124 ===
2026-09-03 21:46:35,330 [INFO] Найдено 30 кандидатов
2026-09-03 21:46:35,330 [INFO] [DEBUG-TRACKER] update_prices: total events=0
2026-09-03 21:46:35,330 [INFO] [DEBUG-RISK] update_positions: received 0 events
2026-09-03 21:46:37,747 [INFO] 📊 Инспектор цикл 124: кандидатов=30 | проходных=0 | открыто=0 | BTC=+1.90%
2026-09-03 21:46:37,747 [INFO]    пропущено: нет_импульса_и_не_ракета=29, нет_импульса_вниз_и_не_обвал=28, глубина<$5000=2, нет_отката_от_хая=1
2026-09-03 21:46:37,747 [INFO] Сделок: 0 | Win: 0 | Loss: 0 | BE: 0 | WR: 0% | PnL: $+0.00 | Капитал: $25.79 | Открыто: 0/2
2026-09-03 21:46:52,752 [INFO] === Cycle 125 ===
2026-09-03 21:46:53,048 [INFO] Найдено 30 кандидатов
2026-09-03 21:46:53,049 [INFO] [DEBUG-TRACKER] update_prices: total events=0
2026-09-03 21:46:53,049 [INFO] [DEBUG-RISK] update_positions: received 0 events
2026-09-03 21:46:53,996 [INFO] 📊 Инспектор цикл 125: кандидатов=30 | проходных=0 | открыто=0 | BTC=+1.92%
2026-09-03 21:46:54,047 [INFO]    пропущено: нет_импульса_и_не_ракета=29, нет_импульса_вниз_и_не_обвал=28, глубина<$5000=2, нет_отката_от_хая=1
2026-09-03 21:46:54,047 [INFO] Сделок: 0 | Win: 0 | Loss: 0 | BE: 0 | WR: 0% | PnL: $+0.00 | Капитал: $25.79 | Открыто: 0/2
2026-09-03 21:47:09,042 [INFO] === Cycle 126 ===
2026-09-03 21:47:09,407 [INFO] Найдено 30 кандидатов
2026-09-03 21:47:09,408 [INFO] [DEBUG-TRACKER] update_prices: total events=0
2026-09-03 21:47:09,408 [INFO] [DEBUG-RISK] update_positions: received 0 events
2026-09-03 21:47:10,118 [INFO] 📊 Инспектор цикл 126: кандидатов=30 | проходных=0 | открыто=0 | BTC=+1.92%
2026-09-03 21:47:10,118 [INFO]    пропущено: нет_импульса_и_не_ракета=29, нет_импульса_вниз_и_не_обвал=28, глубина<$5000=2, нет_отката_от_хая=1
2026-09-03 21:47:10,118 [INFO] Сделок: 0 | Win: 0 | Loss: 0 | BE: 0 | WR: 0% | PnL: $+0.00 | Капитал: $25.79 | Открыто: 0/2
2026-09-03 21:47:25,126 [INFO] === Cycle 127 ===
2026-09-03 21:47:25,498 [INFO] Найдено 30 кандидатов
2026-09-03 21:47:25,498 [INFO] [DEBUG-TRACKER] update_prices: total events=0
2026-09-03 21:47:25,499 [INFO] [DEBUG-RISK] update_positions: received 0 events
2026-09-03 21:47:28,169 [INFO] 📊 Инспектор цикл 127: кандидатов=30 | проходных=0 | открыто=0 | BTC=+1.92%
2026-09-03 21:47:28,721 [INFO]    пропущено: нет_импульса_и_не_ракета=29, нет_импульса_вниз_и_не_обвал=28, глубина<$5000=2, нет_отката_от_хая=1
2026-09-03 21:47:28,722 [INFO] Сделок: 0 | Win: 0 | Loss: 0 | BE: 0 | WR: 0% | PnL: $+0.00 | Капитал: $25.79 | Открыто: 0/2
2026-09-03 21:47:43,737 [INFO] === Cycle 128 ===
2026-09-03 21:47:44,106 [INFO] Найдено 30 кандидатов
2026-09-03 21:47:46,064 [INFO] [DEBUG-TRACKER] update_prices: total events=0
2026-09-03 21:47:46,065 [INFO] [DEBUG-RISK] update_positions: received 0 events
2026-09-03 21:47:46,792 [INFO] 📊 Инспектор цикл 128: кандидатов=30 | проходных=0 | открыто=0 | BTC=+1.92%
2026-09-03 21:47:46,793 [INFO]    пропущено: нет_импульса_и_не_ракета=29, нет_импульса_вниз_и_не_обвал=28, глубина<$5000=2, нет_отката_от_хая=1
2026-09-03 21:47:46,793 [INFO] Сделок: 0 | Win: 0 | Loss: 0 | BE: 0 | WR: 0% | PnL: $+0.00 | Капитал: $25.79 | Открыто: 0/2
2026-09-03 21:48:01,795 [INFO] === Cycle 129 ===
2026-09-03 21:48:02,086 [INFO] Найдено 30 кандидатов
2026-09-03 21:48:02,086 [INFO] [DEBUG-TRACKER] update_prices: total events=0
2026-09-03 21:48:02,086 [INFO] [DEBUG-RISK] update_positions: received 0 events
2026-09-03 21:48:02,988 [INFO] 📊 Инспектор цикл 129: кандидатов=30 | проходных=0 | открыто=0 | BTC=+1.89%
2026-09-03 21:48:04,458 [INFO]    пропущено: нет_импульса_и_не_ракета=30, нет_импульса_вниз_и_не_обвал=29, глубина<$5000=1
2026-09-03 21:48:04,459 [INFO] Сделок: 0 | Win: 0 | Loss: 0 | BE: 0 | WR: 0% | PnL: $+0.00 | Капитал: $25.79 | Открыто: 0/2
2026-09-03 21:48:19,450 [INFO] === Cycle 130 ===
2026-09-03 21:48:19,829 [INFO] Найдено 30 кандидатов
2026-09-03 21:48:19,829 [INFO] [DEBUG-TRACKER] update_prices: total events=0
2026-09-03 21:48:19,829 [INFO] [DEBUG-RISK] update_positions: received 0 events
2026-09-03 21:48:22,219 [INFO] 📊 Инспектор цикл 130: кандидатов=30 | проходных=0 | открыто=0 | BTC=+1.89%
2026-09-03 21:48:22,219 [INFO]    пропущено: нет_импульса_и_не_ракета=30, нет_импульса_вниз_и_не_обвал=29, глубина<$5000=1
2026-09-03 21:48:22,219 [INFO] Сделок: 0 | Win: 0 | Loss: 0 | BE: 0 | WR: 0% | PnL: $+0.00 | Капитал: $25.79 | Открыто: 0/2
2026-09-03 21:48:37,199 [INFO] === Cycle 131 ===
2026-09-03 21:48:37,507 [INFO] Найдено 30 кандидатов
2026-09-03 21:48:37,508 [INFO] [DEBUG-TRACKER] update_prices: total events=0
2026-09-03 21:48:37,508 [INFO] [DEBUG-RISK] update_positions: received 0 events
2026-09-03 21:48:38,424 [INFO] 📊 Инспектор цикл 131: кандидатов=30 | проходных=0 | открыто=0 | BTC=+1.89%
2026-09-03 21:48:38,580 [INFO]    пропущено: нет_импульса_и_не_ракета=30, нет_импульса_вниз_и_не_обвал=29, глубина<$5000=1
2026-09-03 21:48:38,580 [INFO] Сделок: 0 | Win: 0 | Loss: 0 | BE: 0 | WR: 0% | PnL: $+0.00 | Капитал: $25.79 | Открыто: 0/2
2026-09-03 21:48:53,579 [INFO] === Cycle 132 ===
2026-09-03 21:48:53,888 [INFO] Найдено 30 кандидатов
2026-09-03 21:48:53,889 [INFO] [DEBUG-TRACKER] update_prices: total events=0
2026-09-03 21:48:53,889 [INFO] [DEBUG-RISK] update_positions: received 0 events
2026-09-03 21:48:54,586 [INFO] 📊 Инспектор цикл 132: кандидатов=30 | проходных=0 | открыто=0 | BTC=+1.90%
2026-09-03 21:48:54,586 [INFO]    пропущено: нет_импульса_и_не_ракета=29, нет_импульса_вниз_и_не_обвал=29, нет_отката_от_хая=1, глубина<$5000=1
2026-09-03 21:48:54,586 [INFO] Сделок: 0 | Win: 0 | Loss: 0 | BE: 0 | WR: 0% | PnL: $+0.00 | Капитал: $25.79 | Открыто: 0/2
2026-09-03 21:49:09,594 [INFO] === Cycle 133 ===
2026-09-03 21:49:09,968 [INFO] Найдено 30 кандидатов
2026-09-03 21:49:09,968 [INFO] [DEBUG-TRACKER] update_prices: total events=0
2026-09-03 21:49:09,968 [INFO] [DEBUG-RISK] update_positions: received 0 events
2026-09-03 21:49:12,889 [INFO] 📊 Инспектор цикл 133: кандидатов=30 | проходных=0 | открыто=0 | BTC=+1.90%
2026-09-03 21:49:12,889 [INFO]    пропущено: нет_импульса_и_не_ракета=28, нет_импульса_вниз_и_не_обвал=28, нет_отката_от_хая=2, глубина<$5000=2
2026-09-03 21:49:12,890 [INFO] Сделок: 0 | Win: 0 | Loss: 0 | BE: 0 | WR: 0% | PnL: $+0.00 | Капитал: $25.79 | Открыто: 0/2
2026-09-03 21:49:27,871 [INFO] === Cycle 134 ===
2026-09-03 21:49:28,171 [INFO] Найдено 30 кандидатов
2026-09-03 21:49:28,171 [INFO] [DEBUG-TRACKER] update_prices: total events=0
2026-09-03 21:49:28,171 [INFO] [DEBUG-RISK] update_positions: received 0 events
2026-09-03 21:49:28,861 [INFO] 📊 Инспектор цикл 134: кандидатов=30 | проходных=0 | открыто=0 | BTC=+1.90%
2026-09-03 21:49:28,861 [INFO]    пропущено: нет_импульса_и_не_ракета=29, нет_импульса_вниз_и_не_обвал=29, нет_отката_от_хая=1, глубина<$5000=1
2026-09-03 21:49:28,861 [INFO] Сделок: 0 | Win: 0 | Loss: 0 | BE: 0 | WR: 0% | PnL: $+0.00 | Капитал: $25.79 | Открыто: 0/2
2026-09-03 21:49:43,851 [INFO] === Cycle 135 ===
2026-09-03 21:49:44,397 [INFO] Найдено 30 кандидатов
2026-09-03 21:49:44,398 [INFO] [DEBUG-TRACKER] update_prices: total events=0
2026-09-03 21:49:44,398 [INFO] [DEBUG-RISK] update_positions: received 0 events
2026-09-03 21:49:45,525 [INFO] 📊 Инспектор цикл 135: кандидатов=30 | проходных=0 | открыто=0 | BTC=+1.90%
2026-09-03 21:49:45,526 [INFO]    пропущено: нет_импульса_и_не_ракета=29, нет_импульса_вниз_и_не_обвал=29, нет_отката_от_хая=1, глубина<$5000=1
2026-09-03 21:49:45,526 [INFO] Сделок: 0 | Win: 0 | Loss: 0 | BE: 0 | WR: 0% | PnL: $+0.00 | Капитал: $25.79 | Открыто: 0/2
2026-09-03 21:50:00,547 [INFO] === Cycle 136 ===
2026-09-03 21:50:01,294 [INFO] Найдено 30 кандидатов
2026-09-03 21:50:03,405 [INFO] [DEBUG-TRACKER] update_prices: total events=0
2026-09-03 21:50:03,405 [INFO] [DEBUG-RISK] update_positions: received 0 events
2026-09-03 21:50:05,798 [INFO] 📊 Инспектор цикл 136: кандидатов=30 | проходных=0 | открыто=0 | BTC=+1.95%
2026-09-03 21:50:06,538 [INFO]    пропущено: нет_импульса_и_не_ракета=29, нет_импульса_вниз_и_не_обвал=29, нет_отката_от_хая=1, глубина<$5000=1
2026-09-03 21:50:06,539 [INFO] Сделок: 0 | Win: 0 | Loss: 0 | BE: 0 | WR: 0% | PnL: $+0.00 | Капитал: $25.79 | Открыто: 0/2
2026-09-03 21:50:21,543 [INFO] === Cycle 137 ===
2026-09-03 21:50:21,924 [INFO] Найдено 30 кандидатов
2026-09-03 21:50:21,924 [INFO] [DEBUG-TRACKER] update_prices: total events=0
2026-09-03 21:50:21,925 [INFO] [DEBUG-RISK] update_positions: received 0 events
2026-09-03 21:50:22,829 [INFO] 📊 Инспектор цикл 137: кандидатов=30 | проходных=0 | открыто=0 | BTC=+1.95%
2026-09-03 21:50:22,830 [INFO]    пропущено: нет_импульса_и_не_ракета=29, нет_импульса_вниз_и_не_обвал=29, нет_отката_от_хая=1, глубина<$5000=1
2026-09-03 21:50:22,830 [INFO] Сделок: 0 | Win: 0 | Loss: 0 | BE: 0 | WR: 0% | PnL: $+0.00 | Капитал: $25.79 | Открыто: 0/2
2026-09-03 21:50:37,823 [INFO] === Cycle 138 ===
2026-09-03 21:50:38,119 [INFO] Найдено 30 кандидатов
2026-09-03 21:50:40,213 [INFO] [DEBUG-TRACKER] update_prices: total events=0
2026-09-03 21:50:40,213 [INFO] [DEBUG-RISK] update_positions: received 0 events
2026-09-03 21:50:40,901 [INFO] 📊 Инспектор цикл 138: кандидатов=30 | проходных=0 | открыто=0 | BTC=+1.95%
2026-09-03 21:50:40,902 [INFO]    пропущено: нет_импульса_и_не_ракета=29, нет_импульса_вниз_и_не_обвал=29, нет_отката_от_хая=1, глубина<$5000=1
2026-09-03 21:50:40,902 [INFO] Сделок: 0 | Win: 0 | Loss: 0 | BE: 0 | WR: 0% | PnL: $+0.00 | Капитал: $25.79 | Открыто: 0/2
2026-09-03 21:50:55,905 [INFO] === Cycle 139 ===
2026-09-03 21:50:56,203 [INFO] Найдено 30 кандидатов
2026-09-03 21:50:56,203 [INFO] [DEBUG-TRACKER] update_prices: total events=0
2026-09-03 21:50:56,203 [INFO] [DEBUG-RISK] update_positions: received 0 events
2026-09-03 21:50:58,878 [INFO] 📊 Инспектор цикл 139: кандидатов=30 | проходных=0 | открыто=0 | BTC=+1.96%
2026-09-03 21:50:58,964 [INFO]    пропущено: нет_импульса_и_не_ракета=29, нет_импульса_вниз_и_не_обвал=29, нет_отката_от_хая=1, глубина<$5000=1
2026-09-03 21:50:58,965 [INFO] Сделок: 0 | Win: 0 | Loss: 0 | BE: 0 | WR: 0% | PnL: $+0.00 | Капитал: $25.79 | Открыто: 0/2
2026-09-03 21:51:13,979 [INFO] === Cycle 140 ===
2026-09-03 21:51:14,358 [INFO] Найдено 30 кандидатов
2026-09-03 21:51:14,358 [INFO] [DEBUG-TRACKER] update_prices: total events=0
2026-09-03 21:51:14,358 [INFO] [DEBUG-RISK] update_positions: received 0 events
2026-09-03 21:51:15,070 [INFO] 📊 Инспектор цикл 140: кандидатов=30 | проходных=0 | открыто=0 | BTC=+1.96%
2026-09-03 21:51:17,688 [INFO]    пропущено: нет_импульса_и_не_ракета=29, нет_импульса_вниз_и_не_обвал=29, нет_отката_от_хая=1, глубина<$5000=1
2026-09-03 21:51:17,689 [INFO] Сделок: 0 | Win: 0 | Loss: 0 | BE: 0 | WR: 0% | PnL: $+0.00 | Капитал: $25.79 | Открыто: 0/2
2026-09-03 21:51:32,672 [INFO] === Cycle 141 ===
2026-09-03 21:51:33,045 [INFO] Найдено 30 кандидатов
2026-09-03 21:51:33,046 [INFO] [DEBUG-TRACKER] update_prices: total events=0
2026-09-03 21:51:33,046 [INFO] [DEBUG-RISK] update_positions: received 0 events
2026-09-03 21:51:34,761 [INFO] ARB_USDT: размер 5.16 USDT < минимума, но ALLOW_MIN_POSITION_OVERRIDE=True — использую 11.00 USDT
2026-09-03 21:51:35,021 [INFO] ARBUSDT: плечо выставлено x1
2026-09-03 21:51:36,523 [INFO] ARB_USDT: SL установлен на 0.1363776 (side=SELL, position=LONG, order_id=2000001407003275)
2026-09-03 21:51:37,051 [INFO] ARB_USDT: TP установлен на 0.14831064, qty=77.4 (side=SELL, position=LONG, order_id=2000001407003313)
2026-09-03 21:51:37,051 [INFO] ARB_USDT: полная стратегия, TP1_SIZE_FRAC=0.52
2026-09-03 21:51:39,639 [INFO] [DB] save_open_position: ARB_USDT saved
2026-09-03 21:51:39,640 [INFO] [TRACKER] ARB_USDT: позиция сохранена в БД
2026-09-03 21:51:39,640 [INFO] TRACKER OPEN ARB_USDT [LONG] @ $0.142070 qty=77.400000 size=$11.0 SL=$0.136378 (4.0%) TP1=$0.147742 (4.0%) TP2=$0.148311 (4.4%)
2026-09-03 21:51:39,675 [INFO] 📊 Инспектор цикл 141: кандидатов=30 | проходных=1 | открыто=1 | BTC=+1.96%
2026-09-03 21:51:39,677 [INFO]    пропущено: нет_импульса_и_не_ракета=29, нет_импульса_вниз_и_не_обвал=29, глубина<$5000=1
2026-09-03 21:51:39,677 [INFO] Сделок: 0 | Win: 0 | Loss: 0 | BE: 0 | WR: 0% | PnL: $+0.00 | Капитал: $25.79 | Открыто: 1/2
2026-09-03 21:51:40,462 [INFO] [DEBUG-TRACKER] ARB_USDT: no event from _check_conditions
2026-09-03 21:51:40,463 [INFO] [DEBUG-TRACKER] update_prices: total events=0
2026-09-03 21:51:40,463 [INFO] [DEBUG-RISK] update_positions: received 0 events
2026-09-03 21:51:41,932 [INFO] [DEBUG-TRACKER] ARB_USDT: no event from _check_conditions
2026-09-03 21:51:42,797 [INFO] [DEBUG-TRACKER] update_prices: total events=0
2026-09-03 21:51:42,976 [INFO] [DEBUG-RISK] update_positions: received 0 events
2026-09-03 21:51:43,922 [INFO] [DEBUG-TRACKER] ARB_USDT: no event from _check_conditions
2026-09-03 21:51:43,922 [INFO] [DEBUG-TRACKER] update_prices: total events=0
2026-09-03 21:51:43,922 [INFO] [DEBUG-RISK] update_positions: received 0 events
2026-09-03 21:51:45,916 [INFO] [DEBUG-TRACKER] ARB_USDT: no event from _check_conditions
2026-09-03 21:51:46,305 [INFO] [DEBUG-TRACKER] update_prices: total events=0
2026-09-03 21:51:46,305 [INFO] [DEBUG-RISK] update_positions: received 0 events
2026-09-03 21:51:47,916 [INFO] [DEBUG-TRACKER] ARB_USDT: no event from _check_conditions
2026-09-03 21:51:47,917 [INFO] [DEBUG-TRACKER] update_prices: total events=0
2026-09-03 21:51:47,917 [INFO] [DEBUG-RISK] update_positions: received 0 events
2026-09-03 21:51:49,920 [INFO] [DEBUG-TRACKER] ARB_USDT: no event from _check_conditions
2026-09-03 21:51:49,920 [INFO] [DEBUG-TRACKER] update_prices: total events=0
2026-09-03 21:51:49,920 [INFO] [DEBUG-RISK] update_positions: received 0 events
2026-09-03 21:51:51,909 [INFO] [DEBUG-TRACKER] ARB_USDT: no event from _check_conditions
2026-09-03 21:51:51,909 [INFO] [DEBUG-TRACKER] update_prices: total events=0
2026-09-03 21:51:51,909 [INFO] [DEBUG-RISK] update_positions: received 0 events
2026-09-03 21:51:53,896 [INFO] [DEBUG-TRACKER] ARB_USDT: no event from _check_conditions
2026-09-03 21:51:53,896 [INFO] [DEBUG-TRACKER] update_prices: total events=0
2026-09-03 21:51:53,896 [INFO] [DEBUG-RISK] update_positions: received 0 events
2026-09-03 21:51:54,664 [INFO] === Cycle 142 ===
2026-09-03 21:51:56,402 [INFO] [DEBUG-TRACKER] ARB_USDT: no event from _check_conditions
2026-09-03 21:51:56,402 [INFO] [DEBUG-TRACKER] update_prices: total events=0
2026-09-03 21:51:56,402 [INFO] [DEBUG-RISK] update_positions: received 0 events
2026-09-03 21:51:56,885 [INFO] Найдено 30 кандидатов
2026-09-03 21:51:56,885 [INFO] [DEBUG-TRACKER] ARB_USDT: no event from _check_conditions
2026-09-03 21:51:56,885 [INFO] [DEBUG-TRACKER] update_prices: total events=0
2026-09-03 21:51:56,885 [INFO] [DEBUG-RISK] update_positions: received 0 events
2026-09-03 21:51:58,465 [INFO] [DEBUG-TRACKER] ARB_USDT: no event from _check_conditions
2026-09-03 21:51:59,039 [INFO] [DEBUG-TRACKER] update_prices: total events=0
2026-09-03 21:51:59,039 [INFO] [DEBUG-RISK] update_positions: received 0 events
2026-09-03 21:51:59,609 [INFO]   ✗ ARB_USDT [LONG] score=56 не открыта: already_open
2026-09-03 21:51:59,610 [INFO] 📊 Инспектор цикл 142: кандидатов=30 | проходных=1 | открыто=0 | BTC=+2.00%
2026-09-03 21:51:59,610 [INFO]    пропущено: нет_импульса_и_не_ракета=29, нет_импульса_вниз_и_не_обвал=29, глубина<$5000=1
2026-09-03 21:51:59,610 [INFO]    отказ при попытке входа: already_open=1
2026-09-03 21:51:59,610 [INFO] Сделок: 0 | Win: 0 | Loss: 0 | BE: 0 | WR: 0% | PnL: $+0.00 | Капитал: $25.79 | Открыто: 1/2
2026-09-03 21:52:00,397 [INFO] [DEBUG-TRACKER] ARB_USDT: no event from _check_conditions
2026-09-03 21:52:00,397 [INFO] [DEBUG-TRACKER] update_prices: total events=0
2026-09-03 21:52:00,397 [INFO] [DEBUG-RISK] update_positions: received 0 events
2026-09-03 21:52:02,396 [INFO] [DEBUG-TRACKER] ARB_USDT: no event from _check_conditions
2026-09-03 21:52:02,514 [INFO] [DEBUG-TRACKER] update_prices: total events=0
2026-09-03 21:52:02,514 [INFO] [DEBUG-RISK] update_positions: received 0 events
2026-09-03 21:52:04,379 [INFO] [DEBUG-TRACKER] ARB_USDT: no event from _check_conditions
2026-09-03 21:52:04,379 [INFO] [DEBUG-TRACKER] update_prices: total events=0
2026-09-03 21:52:04,380 [INFO] [DEBUG-RISK] update_positions: received 0 events
2026-09-03 21:52:06,368 [INFO] [DEBUG-TRACKER] ARB_USDT: no event from _check_conditions
2026-09-03 21:52:06,369 [INFO] [DEBUG-TRACKER] update_prices: total events=0
2026-09-03 21:52:06,369 [INFO] [DEBUG-RISK] update_positions: received 0 events
2026-09-03 21:52:08,374 [INFO] [DEBUG-TRACKER] ARB_USDT: no event from _check_conditions
2026-09-03 21:52:08,375 [INFO] [DEBUG-TRACKER] update_prices: total events=0
2026-09-03 21:52:08,375 [INFO] [DEBUG-RISK] update_positions: received 0 events
2026-09-03 21:52:10,869 [INFO] [DEBUG-TRACKER] ARB_USDT: no event from _check_conditions
2026-09-03 21:52:10,870 [INFO] [DEBUG-TRACKER] update_prices: total events=0
2026-09-03 21:52:10,870 [INFO] [DEBUG-RISK] update_positions: received 0 events
2026-09-03 21:52:12,335 [INFO] [DEBUG-TRACKER] ARB_USDT: no event from _check_conditions
2026-09-03 21:52:12,517 [INFO] [DEBUG-TRACKER] update_prices: total events=0
2026-09-03 21:52:12,517 [INFO] [DEBUG-RISK] update_positions: received 0 events
2026-09-03 21:52:14,314 [INFO] [DEBUG-TRACKER] ARB_USDT: no event from _check_conditions
2026-09-03 21:52:15,815 [INFO] [DEBUG-TRACKER] update_prices: total events=0
2026-09-03 21:52:15,815 [INFO] [DEBUG-RISK] update_positions: received 0 events
2026-09-03 21:52:15,825 [INFO] === Cycle 143 ===
2026-09-03 21:52:16,174 [INFO] Найдено 30 кандидатов
2026-09-03 21:52:16,174 [INFO] [DEBUG-TRACKER] ARB_USDT: no event from _check_conditions
2026-09-03 21:52:16,175 [INFO] [DEBUG-TRACKER] update_prices: total events=0
2026-09-03 21:52:16,175 [INFO] [DEBUG-RISK] update_positions: received 0 events
2026-09-03 21:52:16,300 [INFO] [DEBUG-TRACKER] ARB_USDT: no event from _check_conditions
2026-09-03 21:52:16,300 [INFO] [DEBUG-TRACKER] update_prices: total events=0
2026-09-03 21:52:16,300 [INFO] [DEBUG-RISK] update_positions: received 0 events
2026-09-03 21:52:17,022 [INFO]   ✗ ARB_USDT [LONG] score=56 не открыта: already_open
2026-09-03 21:52:17,023 [INFO] 📊 Инспектор цикл 143: кандидатов=30 | проходных=1 | открыто=0 | BTC=+2.00%
2026-09-03 21:52:17,023 [INFO]    пропущено: нет_импульса_и_не_ракета=29, нет_импульса_вниз_и_не_обвал=29, глубина<$5000=1
2026-09-03 21:52:17,023 [INFO]    отказ при попытке входа: already_open=1
2026-09-03 21:52:17,023 [INFO] Сделок: 0 | Win: 0 | Loss: 0 | BE: 0 | WR: 0% | PnL: $+0.00 | Капитал: $25.79 | Открыто: 1/2
2026-09-03 21:52:18,289 [INFO] [DEBUG-TRACKER] ARB_USDT: no event from _check_conditions
2026-09-03 21:52:18,715 [INFO] [DEBUG-TRACKER] update_prices: total events=0
2026-09-03 21:52:18,715 [INFO] [DEBUG-RISK] update_positions: received 0 events
2026-09-03 21:52:20,265 [INFO] [DEBUG-TRACKER] ARB_USDT: no event from _check_conditions
2026-09-03 21:52:20,265 [INFO] [DEBUG-TRACKER] update_prices: total events=0
2026-09-03 21:52:20,265 [INFO] [DEBUG-RISK] update_positions: received 0 events
2026-09-03 21:52:22,255 [INFO] [DEBUG-TRACKER] ARB_USDT: no event from _check_conditions
2026-09-03 21:52:22,498 [INFO] [DEBUG-TRACKER] update_prices: total events=0
2026-09-03 21:52:22,499 [INFO] [DEBUG-RISK] update_positions: received 0 events
2026-09-03 21:52:24,238 [INFO] [DEBUG-TRACKER] ARB_USDT: no event from _check_conditions
2026-09-03 21:52:24,239 [INFO] [DEBUG-TRACKER] update_prices: total events=0
2026-09-03 21:52:24,239 [INFO] [DEBUG-RISK] update_positions: received 0 events
2026-09-03 21:52:26,239 [INFO] [DEBUG-TRACKER] ARB_USDT: no event from _check_conditions
2026-09-03 21:52:26,240 [INFO] [DEBUG-TRACKER] update_prices: total events=0
2026-09-03 21:52:26,240 [INFO] [DEBUG-RISK] update_positions: received 0 events
2026-09-03 21:52:28,220 [INFO] [DEBUG-TRACKER] ARB_USDT: no event from _check_conditions
2026-09-03 21:52:28,522 [INFO] [DEBUG-TRACKER] update_prices: total events=0
2026-09-03 21:52:28,523 [INFO] [DEBUG-RISK] update_positions: received 0 events
2026-09-03 21:52:30,219 [INFO] [DEBUG-TRACKER] ARB_USDT: no event from _check_conditions
2026-09-03 21:52:30,220 [INFO] [DEBUG-TRACKER] update_prices: total events=0
2026-09-03 21:52:30,221 [INFO] [DEBUG-RISK] update_positions: received 0 events
2026-09-03 21:52:32,030 [INFO] === Cycle 144 ===
2026-09-03 21:52:32,205 [INFO] [DEBUG-TRACKER] ARB_USDT: no event from _check_conditions
2026-09-03 21:52:32,205 [INFO] [DEBUG-TRACKER] update_prices: total events=0
2026-09-03 21:52:32,205 [INFO] [DEBUG-RISK] update_positions: received 0 events
2026-09-03 21:52:32,463 [INFO] Найдено 30 кандидатов
2026-09-03 21:52:32,464 [INFO] [DEBUG-TRACKER] ARB_USDT: no event from _check_conditions
2026-09-03 21:52:32,464 [INFO] [DEBUG-TRACKER] update_prices: total events=0
2026-09-03 21:52:32,464 [INFO] [DEBUG-RISK] update_positions: received 0 events
2026-09-03 21:52:33,353 [INFO]   ✗ ARB_USDT [LONG] score=56 не открыта: already_open
2026-09-03 21:52:33,353 [INFO] 📊 Инспектор цикл 144: кандидатов=30 | проходных=1 | открыто=0 | BTC=+2.00%
2026-09-03 21:52:33,353 [INFO]    пропущено: нет_импульса_и_не_ракета=29, нет_импульса_вниз_и_не_обвал=29, глубина<$5000=1
2026-09-03 21:52:33,354 [INFO]    отказ при попытке входа: already_open=1
2026-09-03 21:52:33,354 [INFO] Сделок: 0 | Win: 0 | Loss: 0 | BE: 0 | WR: 0% | PnL: $+0.00 | Капитал: $25.79 | Открыто: 1/2
2026-09-03 21:52:34,188 [INFO] [DEBUG-TRACKER] ARB_USDT: no event from _check_conditions
2026-09-03 21:52:35,614 [INFO] [DEBUG-TRACKER] update_prices: total events=0
2026-09-03 21:52:35,614 [INFO] [DEBUG-RISK] update_positions: received 0 events
2026-09-03 21:52:36,180 [INFO] [DEBUG-TRACKER] ARB_USDT: no event from _check_conditions
2026-09-03 21:52:36,180 [INFO] [DEBUG-TRACKER] update_prices: total events=0
2026-09-03 21:52:36,180 [INFO] [DEBUG-RISK] update_positions: received 0 events
2026-09-03 21:52:38,173 [INFO] [DEBUG-TRACKER] ARB_USDT: no event from _check_conditions
2026-09-03 21:52:38,464 [INFO] [DEBUG-TRACKER] update_prices: total events=0
2026-09-03 21:52:38,465 [INFO] [DEBUG-RISK] update_positions: received 0 events
2026-09-03 21:52:40,160 [INFO] [DEBUG-TRACKER] ARB_USDT: no event from _check_conditions
2026-09-03 21:52:40,160 [INFO] [DEBUG-TRACKER] update_prices: total events=0
2026-09-03 21:52:40,161 [INFO] [DEBUG-RISK] update_positions: received 0 events
2026-09-03 21:52:42,665 [INFO] [DEBUG-TRACKER] ARB_USDT: no event from _check_conditions
2026-09-03 21:52:42,665 [INFO] [DEBUG-TRACKER] update_prices: total events=0
2026-09-03 21:52:42,666 [INFO] [DEBUG-RISK] update_positions: received 0 events
2026-09-03 21:52:44,152 [INFO] [DEBUG-TRACKER] ARB_USDT: no event from _check_conditions
2026-09-03 21:52:45,423 [INFO] [DEBUG-TRACKER] update_prices: total events=0
2026-09-03 21:52:45,423 [INFO] [DEBUG-RISK] update_positions: received 0 events
2026-09-03 21:52:46,127 [INFO] [DEBUG-TRACKER] ARB_USDT: no event from _check_conditions
2026-09-03 21:52:46,127 [INFO] [DEBUG-TRACKER] update_prices: total events=0
2026-09-03 21:52:46,128 [INFO] [DEBUG-RISK] update_positions: received 0 events
2026-09-03 21:52:48,120 [INFO] [DEBUG-TRACKER] ARB_USDT: no event from _check_conditions
2026-09-03 21:52:48,323 [INFO] [DEBUG-TRACKER] update_prices: total events=0
2026-09-03 21:52:48,324 [INFO] [DEBUG-RISK] update_positions: received 0 events
2026-09-03 21:52:48,364 [INFO] === Cycle 145 ===
2026-09-03 21:52:48,650 [INFO] Найдено 30 кандидатов
2026-09-03 21:52:48,650 [INFO] [DEBUG-TRACKER] ARB_USDT: no event from _check_conditions
2026-09-03 21:52:48,650 [INFO] [DEBUG-TRACKER] update_prices: total events=0
2026-09-03 21:52:48,651 [INFO] [DEBUG-RISK] update_positions: received 0 events
2026-09-03 21:52:50,178 [INFO] [DEBUG-TRACKER] ARB_USDT: no event from _check_conditions
2026-09-03 21:52:51,872 [INFO] [DEBUG-TRACKER] update_prices: total events=0
2026-09-03 21:52:52,190 [INFO] [DEBUG-RISK] update_positions: received 0 events
2026-09-03 21:52:52,627 [INFO] [DEBUG-TRACKER] ARB_USDT: no event from _check_conditions
2026-09-03 21:52:52,627 [INFO] [DEBUG-TRACKER] update_prices: total events=0
2026-09-03 21:52:52,627 [INFO] [DEBUG-RISK] update_positions: received 0 events
2026-09-03 21:52:53,006 [INFO]   ✗ ARB_USDT [LONG] score=56 не открыта: already_open
2026-09-03 21:52:53,006 [INFO] 📊 Инспектор цикл 145: кандидатов=30 | проходных=1 | открыто=0 | BTC=+2.04%
2026-09-03 21:52:53,006 [INFO]    пропущено: нет_импульса_и_не_ракета=29, нет_импульса_вниз_и_не_обвал=29, глубина<$5000=1
2026-09-03 21:52:53,006 [INFO]    отказ при попытке входа: already_open=1
2026-09-03 21:52:53,007 [INFO] Сделок: 0 | Win: 0 | Loss: 0 | BE: 0 | WR: 0% | PnL: $+0.00 | Капитал: $25.79 | Открыто: 1/2
2026-09-03 21:52:54,622 [INFO] [DEBUG-TRACKER] ARB_USDT: no event from _check_conditions
2026-09-03 21:52:55,364 [INFO] [DEBUG-TRACKER] update_prices: total events=0
2026-09-03 21:52:55,364 [INFO] [DEBUG-RISK] update_positions: received 0 events
2026-09-03 21:52:56,611 [INFO] [DEBUG-TRACKER] ARB_USDT: no event from _check_conditions
2026-09-03 21:52:56,611 [INFO] [DEBUG-TRACKER] update_prices: total events=0
2026-09-03 21:52:56,611 [INFO] [DEBUG-RISK] update_positions: received 0 events
2026-09-03 21:52:58,616 [INFO] [DEBUG-TRACKER] ARB_USDT: no event from _check_conditions
2026-09-03 21:52:58,617 [INFO] [DEBUG-TRACKER] update_prices: total events=0
2026-09-03 21:52:58,617 [INFO] [DEBUG-RISK] update_positions: received 0 events
2026-09-03 21:53:00,610 [INFO] [DEBUG-TRACKER] ARB_USDT: no event from _check_conditions
2026-09-03 21:53:01,268 [INFO] [DEBUG-TRACKER] update_prices: total events=0
2026-09-03 21:53:01,268 [INFO] [DEBUG-RISK] update_positions: received 0 events
2026-09-03 21:53:02,600 [INFO] [DEBUG-TRACKER] ARB_USDT: no event from _check_conditions
2026-09-03 21:53:02,601 [INFO] [DEBUG-TRACKER] update_prices: total events=0
2026-09-03 21:53:02,601 [INFO] [DEBUG-RISK] update_positions: received 0 events
2026-09-03 21:53:04,603 [INFO] [DEBUG-TRACKER] ARB_USDT: no event from _check_conditions
2026-09-03 21:53:04,743 [INFO] [DEBUG-TRACKER] update_prices: total events=0
2026-09-03 21:53:04,744 [INFO] [DEBUG-RISK] update_positions: received 0 events
2026-09-03 21:53:06,604 [INFO] [DEBUG-TRACKER] ARB_USDT: no event from _check_conditions
2026-09-03 21:53:06,604 [INFO] [DEBUG-TRACKER] update_prices: total events=0
2026-09-03 21:53:06,605 [INFO] [DEBUG-RISK] update_positions: received 0 events
2026-09-03 21:53:08,000 [INFO] === Cycle 146 ===
2026-09-03 21:53:08,384 [INFO] Найдено 30 кандидатов
2026-09-03 21:53:08,385 [INFO] [DEBUG-TRACKER] ARB_USDT: no event from _check_conditions
2026-09-03 21:53:08,385 [INFO] [DEBUG-TRACKER] update_prices: total events=0
2026-09-03 21:53:08,385 [INFO] [DEBUG-RISK] update_positions: received 0 events
2026-09-03 21:53:08,599 [INFO] [DEBUG-TRACKER] ARB_USDT: no event from _check_conditions
2026-09-03 21:53:08,600 [INFO] [DEBUG-TRACKER] update_prices: total events=0
2026-09-03 21:53:08,601 [INFO] [DEBUG-RISK] update_positions: received 0 events
2026-09-03 21:53:09,044 [INFO]   ✗ ARB_USDT [LONG] score=56 не открыта: already_open
2026-09-03 21:53:11,093 [INFO] 📊 Инспектор цикл 146: кандидатов=30 | проходных=1 | открыто=0 | BTC=+2.04%
2026-09-03 21:53:11,257 [INFO]    пропущено: нет_импульса_и_не_ракета=29, нет_импульса_вниз_и_не_обвал=29, глубина<$5000=1
2026-09-03 21:53:11,257 [INFO]    отказ при попытке входа: already_open=1
2026-09-03 21:53:11,257 [INFO] Сделок: 0 | Win: 0 | Loss: 0 | BE: 0 | WR: 0% | PnL: $+0.00 | Капитал: $25.79 | Открыто: 1/2
2026-09-03 21:53:11,526 [INFO] [DEBUG-TRACKER] ARB_USDT: no event from _check_conditions
2026-09-03 21:53:11,526 [INFO] [DEBUG-TRACKER] update_prices: total events=0
2026-09-03 21:53:11,527 [INFO] [DEBUG-RISK] update_positions: received 0 events
2026-09-03 21:53:13,782 [INFO] ARB_USDT: позиция закрыта на бирже. Обрабатываю закрытие...
2026-09-03 21:53:14,414 [INFO] [DEBUG-TRACKER] ARB_USDT: entering _close_position, reason=EXTERNAL_CLOSE, final_qty=77.4
2026-09-03 21:53:14,676 [INFO] [DEBUG-TRACKER] ARB_USDT: has_position=False
2026-09-03 21:53:14,676 [INFO] [DEBUG-TRACKER] ARB_USDT: позиция закрыта на бирже, начинаем обработку
2026-09-03 21:53:14,676 [INFO] [DEBUG-TRACKER] ARB_USDT: расчётный PnL=+0.00$
2026-09-03 21:53:14,676 [INFO] [DEBUG-TRACKER] ARB_USDT: запрашиваем историю сделок...
2026-09-03 21:53:14,937 [INFO] [DEBUG-TRACKER] ARB_USDT: получено 6 сделок из истории
2026-09-03 21:53:14,938 [INFO] [DEBUG-TRACKER] ARB_USDT: найдено 2 closing-сделок
2026-09-03 21:53:14,938 [INFO] ARB_USDT: реальная цена выхода=0.14222, PnL=0.01161
2026-09-03 21:53:14,938 [INFO] [DEBUG-TRACKER] ARB_USDT: история сделок обработана, переходим к отмене SL/TP
2026-09-03 21:53:14,938 [INFO] [DEBUG-TRACKER] ARB_USDT: sl_id=2000001407003275, tp_id=2000001407003313, sl_cid=sl_ARB_USDT_326e79acafa248ac, tp_cid=tp_ARB_USDT_777281e7641547ea
2026-09-03 21:53:14,939 [INFO] [DEBUG-TRACKER] ARB_USDT: отменяем защитные ордера...
2026-09-03 21:53:15,214 [ERROR] Binance API error 400 /fapi/v1/algoOrder: {"code":-2011,"msg":"Unknown order sent."}
2026-09-03 21:53:15,485 [INFO] ARB_USDT: TP ордер 2000001407003313 отменён
2026-09-03 21:53:15,486 [INFO] ARB_USDT: защитные ордера отменены (SL=✓, TP=✓)
2026-09-03 21:53:15,486 [INFO] [DEBUG-TRACKER] ARB_USDT: SL/TP отменены, удаляем позицию локально
2026-09-03 21:53:15,765 [ERROR] Binance API error 400 /fapi/v1/algoOrder: {"code":-2011,"msg":"Unknown order sent."}
2026-09-03 21:53:16,035 [ERROR] Binance API error 400 /fapi/v1/algoOrder: {"code":-2011,"msg":"Unknown order sent."}
2026-09-03 21:53:17,889 [INFO] ARB_USDT: защитные ордера отменены после закрытия (SL=✓, TP=✓)
2026-09-03 21:53:17,957 [INFO] [DB] delete_open_position: ARB_USDT deleted
2026-09-03 21:53:17,958 [INFO] [TRACKER] ARB_USDT: позиция удалена из БД (закрыта на бирже)
2026-09-03 21:53:17,958 [INFO] [DEBUG-TRACKER] ARB_USDT: причина закрытия: EXTERNAL_CLOSE -> SL
2026-09-03 21:53:17,959 [INFO] [DEBUG-TRACKER] ARB_USDT: event сформирован, возвращаем из _close_position
2026-09-03 21:53:17,959 [INFO] [DEBUG-TRACKER] ARB_USDT: returning event with reason=SL, pnl=+0.01$
2026-09-03 21:53:17,959 [INFO] [DEBUG-TRACKER] update_prices: total events=1
2026-09-03 21:53:17,959 [INFO] [DEBUG-RISK] update_positions: received 1 events
2026-09-03 21:53:17,959 [INFO] [DEBUG-RISK] processing event: ARB_USDT reason=SL
2026-09-03 21:53:17,960 [INFO] [DEBUG] _handle_position_event вызван: ARB_USDT reason=SL pnl=+0.01$
2026-09-03 21:53:17,960 [INFO] log_trade вызван: ARB_USDT pnl=0.01 reason=SL
2026-09-03 21:53:18,024 [INFO] [DEBUG] Сделка записана в БД: ARB_USDT pnl=+0.01$ reason=SL
2026-09-03 21:53:18,065 [INFO] Торговля отключена — открытые позиции продолжают обрабатываться
2026-09-03 21:53:18,290 [INFO] CLOSE ARB_USDT [LONG] @ $0.142220 PnL=+0.01$ (+0.11%) SL
2026-09-03 21:53:26,277 [INFO] === Cycle 147 ===
2026-09-03 21:53:26,593 [INFO] Найдено 30 кандидатов
2026-09-03 21:53:27,798 [INFO] [DEBUG-TRACKER] update_prices: total events=0
2026-09-03 21:53:27,798 [INFO] [DEBUG-RISK] update_positions: received 0 events
2026-09-03 21:53:29,160 [INFO] Торговля отключена — новые позиции не открываются
2026-09-03 21:53:29,160 [INFO] 📊 Инспектор цикл 147: кандидатов=30 | проходных=1 | открыто=0 | BTC=+2.04%
2026-09-03 21:53:29,161 [INFO]    пропущено: нет_импульса_и_не_ракета=29, нет_импульса_вниз_и_не_обвал=29, глубина<$5000=1
2026-09-03 21:53:29,162 [INFO] Сделок: 1 | Win: 1 | Loss: 0 | BE: 0 | WR: 100% | PnL: $+0.01 | Капитал: $25.79 | Открыто: 0/2
2026-09-03 21:53:35,323 [INFO] ExchangeFiltersCache: фоновое обновление остановлено
